entity,Team,Coach,era_id,games,first_game,last_game,players
"ASV | PARKER, TONY",ASV,"PARKER, TONY",1,2,2026-09-24,2026-09-30,12
"BAR | SEKULIC, ALEKSANDER",BAR,"SEKULIC, ALEKSANDER",1,2,2026-09-24,2026-09-29,12
"BAS | GALBIATI, PAOLO",BAS,"GALBIATI, PAOLO",1,2,2026-09-24,2026-09-29,12
"BES | ALIMPIJEVIC, DUSAN",BES,"ALIMPIJEVIC, DUSAN",1,2,2026-09-25,2026-09-30,13
"DUB | PASCUAL, XAVI",DUB,"PASCUAL, XAVI",1,2,2026-09-24,2026-09-29,12
"HTA | ITOUDIS, DIMITRIS",HTA,"ITOUDIS, DIMITRIS",1,3,2026-09-24,2026-10-01,13
"IST | LASO, PABLO",IST,"LASO, PABLO",1,3,2026-09-24,2026-10-01,12
"MAD | MARTINEZ, PEDRO",MAD,"MARTINEZ, PEDRO",1,3,2026-09-24,2026-10-01,14
"MIL | POETA, GIUSEPPE",MIL,"POETA, GIUSEPPE",1,2,2026-09-25,2026-09-29,13
"MUN | GAVEL, ANTON",MUN,"GAVEL, ANTON",1,2,2026-09-24,2026-09-29,13
"OLY | BARTZOKAS, GEORGIOS",OLY,"BARTZOKAS, GEORGIOS",1,3,2026-09-24,2026-10-01,14
"PAM | ALBERT, XAVIER",PAM,"ALBERT, XAVIER",1,2,2026-09-25,2026-09-29,13
"PAN | OBRADOVIC, ZELJKO",PAN,"OBRADOVIC, ZELJKO",1,2,2026-09-24,2026-09-30,12
"PAR | PENARROYA, JOAN",PAR,"PENARROYA, JOAN",1,2,2026-09-25,2026-09-29,13
"PRS | LEFEVRE, MAXIME",PRS,"LEFEVRE, MAXIME",1,3,2026-09-24,2026-10-01,14
"RED | NAVARRO, IBON",RED,"NAVARRO, IBON",1,3,2026-09-24,2026-10-01,12
"TEL | KATTASH, ODED",TEL,"KATTASH, ODED",1,2,2026-09-24,2026-09-30,13
"ULK | JASIKEVICIUS, SARAS",ULK,"JASIKEVICIUS, SARAS",1,2,2026-09-25,2026-09-29,13
"VIR | MUMBRU, ALEX",VIR,"MUMBRU, ALEX",1,3,2026-09-25,2026-10-01,12
"ZAL | MASIULIS, TOMAS",ZAL,"MASIULIS, TOMAS",1,3,2026-09-24,2026-10-01,13
