Player_ID,Player,Team,Coach,entity,gp,min_tot,min_avg,pts_avg,pir_avg,fgm3_avg,fga3_avg,start_rate,pir_per_min,fg3_pct
003469,"VEZENKOV, SASHA",OLY,"BARTZOKAS, GEORGIOS","OLY | BARTZOKAS, GEORGIOS",3,70.26666666666667,23.42222222222222,20.0,26.333333333333332,0.6666666666666666,2.0,1.0,1.1242884250474383,33.33333333333333
012731,"NDIAYE, MBAYE",OLY,"BARTZOKAS, GEORGIOS","OLY | BARTZOKAS, GEORGIOS",3,46.18333333333334,15.394444444444446,12.0,14.0,0.0,0.0,0.0,0.909418982316853,
009849,"DORSEY, TYLER",OLY,"BARTZOKAS, GEORGIOS","OLY | BARTZOKAS, GEORGIOS",3,69.73333333333333,23.244444444444444,19.0,18.666666666666668,3.6666666666666665,7.333333333333333,1.0,0.8030592734225622,50.0
010042,"MONTERO, JEAN",OLY,"BARTZOKAS, GEORGIOS","OLY | BARTZOKAS, GEORGIOS",3,65.66666666666666,21.888888888888886,12.666666666666666,16.0,0.6666666666666666,4.333333333333333,0.0,0.7309644670050762,15.384615384615383
013380,"FOURNIER, EVAN",OLY,"BARTZOKAS, GEORGIOS","OLY | BARTZOKAS, GEORGIOS",3,64.91666666666666,21.638888888888886,10.666666666666666,8.666666666666666,1.3333333333333333,5.0,0.0,0.40051347881899874,26.666666666666664
011196,"HALL, DONTA",OLY,"BARTZOKAS, GEORGIOS","OLY | BARTZOKAS, GEORGIOS",3,51.06666666666666,17.022222222222222,2.3333333333333335,6.666666666666667,0.0,0.0,0.6666666666666666,0.391644908616188,
011981,"JONES, TYRIQUE",OLY,"BARTZOKAS, GEORGIOS","OLY | BARTZOKAS, GEORGIOS",3,31.416666666666668,10.472222222222223,6.333333333333333,4.0,0.0,0.0,0.3333333333333333,0.3819628647214854,
003048,"DUNSTON, BRYANT",OLY,"BARTZOKAS, GEORGIOS","OLY | BARTZOKAS, GEORGIOS",1,18.48333333333333,18.48333333333333,6.0,7.0,0.0,0.0,0.0,0.37871956717763755,
012610,"WARD, TYSON",OLY,"BARTZOKAS, GEORGIOS","OLY | BARTZOKAS, GEORGIOS",3,62.166666666666664,20.72222222222222,7.333333333333333,7.666666666666667,1.0,2.0,1.0,0.3699731903485255,50.0
003941,"MILUTINOV, NIKOLA",OLY,"BARTZOKAS, GEORGIOS","OLY | BARTZOKAS, GEORGIOS",1,9.1,9.1,2.0,3.0,0.0,0.0,0.0,0.32967032967032966,
001255,"PAPANIKOLAOU, KOSTAS",OLY,"BARTZOKAS, GEORGIOS","OLY | BARTZOKAS, GEORGIOS",3,31.866666666666667,10.622222222222222,0.6666666666666666,3.3333333333333335,0.0,0.0,0.0,0.3138075313807532,
009048,"MILLER-MCINTYRE, CODI",OLY,"BARTZOKAS, GEORGIOS","OLY | BARTZOKAS, GEORGIOS",3,56.633333333333326,18.877777777777776,2.0,4.333333333333333,0.0,1.6666666666666667,1.0,0.22954679223072397,0.0
014316,"JOSEPH, CORY",OLY,"BARTZOKAS, GEORGIOS","OLY | BARTZOKAS, GEORGIOS",2,22.5,11.25,3.0,0.0,0.0,1.0,0.0,0.0,0.0
