Player_ID,Player,Team,Coach,entity,gp,min_L3,pts_L3,fgm3_L3,fga3_L3,pir_L3,ppm_L3,min_L5,pts_L5,fgm3_L5,fga3_L5,pir_L5,ppm_L5,pts_season,fgm3_season,fga3_season,pir_season,ppm_season,min_season,pts_L3_vs_season,pts_L5_vs_season,fgm3_L3_vs_season,fgm3_L5_vs_season,pir_L3_vs_season,pir_L5_vs_season,pts_last_season,fgm3_last_season,fga3_last_season,pir_last_season,ppm_last_season,pts_L3_vs_last,pts_L5_vs_last,fgm3_L3_vs_last,fgm3_L5_vs_last,pir_L3_vs_last,pir_L5_vs_last
001255,"PAPANIKOLAOU, KOSTAS",OLY,"BARTZOKAS, GEORGIOS","OLY | BARTZOKAS, GEORGIOS",3,10.622222222222222,0.6666666666666666,0.0,0.0,3.3333333333333335,0.3207661309994243,10.622222222222222,0.6666666666666666,0.0,0.0,3.3333333333333335,0.3207661309994243,0.6666666666666666,0.0,0.0,3.3333333333333335,0.3207661309994243,10.622222222222222,0.0,0.0,0.0,0.0,0.0,0.0,2.9,0.8,2.5,2.3,0.1607038882059908,-2.2333333333333334,-2.2333333333333334,-0.8,-0.8,1.0333333333333337,1.0333333333333337
003048,"DUNSTON, BRYANT",OLY,"BARTZOKAS, GEORGIOS","OLY | BARTZOKAS, GEORGIOS",2,18.48333333333333,3.0,0.0,0.0,3.5,0.37871956717763755,18.48333333333333,3.0,0.0,0.0,3.5,0.37871956717763755,3.0,0.0,0.0,3.5,0.37871956717763755,18.48333333333333,0.0,0.0,0.0,0.0,0.0,0.0,,,,,,,,,,,
003469,"VEZENKOV, SASHA",OLY,"BARTZOKAS, GEORGIOS","OLY | BARTZOKAS, GEORGIOS",3,23.42222222222222,20.0,0.6666666666666666,2.0,26.333333333333332,1.165944776041213,23.42222222222222,20.0,0.6666666666666666,2.0,26.333333333333332,1.165944776041213,20.0,0.6666666666666666,2.0,26.333333333333332,1.165944776041213,23.42222222222222,0.0,0.0,0.0,0.0,0.0,0.0,19.0,1.8,4.4,22.1,0.7939510247946573,1.0,1.0,-1.1333333333333333,-1.1333333333333333,4.233333333333331,4.233333333333331
003941,"MILUTINOV, NIKOLA",OLY,"BARTZOKAS, GEORGIOS","OLY | BARTZOKAS, GEORGIOS",1,9.1,2.0,0.0,0.0,3.0,0.32967032967032966,9.1,2.0,0.0,0.0,3.0,0.32967032967032966,2.0,0.0,0.0,3.0,0.32967032967032966,9.1,0.0,0.0,0.0,0.0,0.0,0.0,10.2,0.0,0.1,19.4,0.9009113600743018,-8.2,-8.2,0.0,0.0,-16.4,-16.4
009048,"MILLER-MCINTYRE, CODI",OLY,"BARTZOKAS, GEORGIOS","OLY | BARTZOKAS, GEORGIOS",3,18.877777777777776,2.0,0.0,1.6666666666666667,4.333333333333333,0.2474664178297893,18.877777777777776,2.0,0.0,1.6666666666666667,4.333333333333333,0.2474664178297893,2.0,0.0,1.6666666666666667,4.333333333333333,0.2474664178297893,18.877777777777776,0.0,0.0,0.0,0.0,0.0,0.0,12.6,1.8,5.4,15.0,0.48488029949301686,-10.6,-10.6,-1.8,-1.8,-10.666666666666668,-10.666666666666668
009849,"DORSEY, TYLER",OLY,"BARTZOKAS, GEORGIOS","OLY | BARTZOKAS, GEORGIOS",3,23.244444444444444,19.0,3.6666666666666665,7.333333333333333,18.666666666666668,0.7927264367012837,23.244444444444444,19.0,3.6666666666666665,7.333333333333333,18.666666666666668,0.7927264367012837,19.0,3.6666666666666665,7.333333333333333,18.666666666666668,0.7927264367012837,23.244444444444444,0.0,0.0,0.0,0.0,0.0,0.0,15.9,2.5,6.4,13.7,0.5443792450214849,3.0999999999999996,3.0999999999999996,1.1666666666666665,1.1666666666666665,4.966666666666669,4.966666666666669
010042,"MONTERO, JEAN",OLY,"BARTZOKAS, GEORGIOS","OLY | BARTZOKAS, GEORGIOS",3,21.888888888888886,12.666666666666666,0.6666666666666666,4.333333333333333,16.0,0.7202704243083756,21.888888888888886,12.666666666666666,0.6666666666666666,4.333333333333333,16.0,0.7202704243083756,12.666666666666666,0.6666666666666666,4.333333333333333,16.0,0.7202704243083756,21.888888888888886,0.0,0.0,0.0,0.0,0.0,0.0,14.4,1.8,5.5,17.9,0.778528098889779,-1.7333333333333343,-1.7333333333333343,-1.1333333333333333,-1.1333333333333333,-1.8999999999999986,-1.8999999999999986
010091,"PLOTAS, NIKOLAOS",OLY,"BARTZOKAS, GEORGIOS","OLY | BARTZOKAS, GEORGIOS",1,,0.0,0.0,0.0,0.0,,,0.0,0.0,0.0,0.0,,0.0,0.0,0.0,0.0,,,0.0,0.0,0.0,0.0,0.0,0.0,,,,,,,,,,,
011196,"HALL, DONTA",OLY,"BARTZOKAS, GEORGIOS","OLY | BARTZOKAS, GEORGIOS",3,17.022222222222222,2.3333333333333335,0.0,0.0,6.666666666666667,0.37998123456893884,17.022222222222222,2.3333333333333335,0.0,0.0,6.666666666666667,0.37998123456893884,2.3333333333333335,0.0,0.0,6.666666666666667,0.37998123456893884,17.022222222222222,0.0,0.0,0.0,0.0,0.0,0.0,6.8,0.0,0.0,11.5,0.7535782031384721,-4.466666666666667,-4.466666666666667,0.0,0.0,-4.833333333333333,-4.833333333333333
011981,"JONES, TYRIQUE",OLY,"BARTZOKAS, GEORGIOS","OLY | BARTZOKAS, GEORGIOS",3,10.472222222222223,6.333333333333333,0.0,0.0,4.0,0.03753564366122775,10.472222222222223,6.333333333333333,0.0,0.0,4.0,0.03753564366122775,6.333333333333333,0.0,0.0,4.0,0.03753564366122775,10.472222222222223,0.0,0.0,0.0,0.0,0.0,0.0,8.7,0.0,0.0,13.2,0.679810643499974,-2.3666666666666663,-2.3666666666666663,0.0,0.0,-9.2,-9.2
012610,"WARD, TYSON",OLY,"BARTZOKAS, GEORGIOS","OLY | BARTZOKAS, GEORGIOS",3,20.72222222222222,7.333333333333333,1.0,2.0,7.666666666666667,0.3178929699315641,20.72222222222222,7.333333333333333,1.0,2.0,7.666666666666667,0.3178929699315641,7.333333333333333,1.0,2.0,7.666666666666667,0.3178929699315641,20.72222222222222,0.0,0.0,0.0,0.0,0.0,0.0,7.1,0.5,2.1,7.8,0.40861127048669144,0.2333333333333334,0.2333333333333334,0.5,0.5,-0.13333333333333286,-0.13333333333333286
012731,"NDIAYE, MBAYE",OLY,"BARTZOKAS, GEORGIOS","OLY | BARTZOKAS, GEORGIOS",3,15.394444444444446,12.0,0.0,0.0,14.0,0.7683780377328763,15.394444444444446,12.0,0.0,0.0,14.0,0.7683780377328763,12.0,0.0,0.0,14.0,0.7683780377328763,15.394444444444446,0.0,0.0,0.0,0.0,0.0,0.0,7.7,0.4,2.2,10.2,0.4312896405919662,4.3,4.3,-0.4,-0.4,3.8000000000000007,3.8000000000000007
013380,"FOURNIER, EVAN",OLY,"BARTZOKAS, GEORGIOS","OLY | BARTZOKAS, GEORGIOS",3,21.638888888888886,10.666666666666666,1.3333333333333333,5.0,8.666666666666666,0.4124741313188324,21.638888888888886,10.666666666666666,1.3333333333333333,5.0,8.666666666666666,0.4124741313188324,10.666666666666666,1.3333333333333333,5.0,8.666666666666666,0.4124741313188324,21.638888888888886,0.0,0.0,0.0,0.0,0.0,0.0,11.6,2.2,6.1,9.0,0.4103103629668595,-0.9333333333333336,-0.9333333333333336,-0.8666666666666669,-0.8666666666666669,-0.3333333333333339,-0.3333333333333339
014316,"JOSEPH, CORY",OLY,"BARTZOKAS, GEORGIOS","OLY | BARTZOKAS, GEORGIOS",2,11.25,3.0,0.0,1.0,0.0,0.07392277998126683,11.25,3.0,0.0,1.0,0.0,0.07392277998126683,3.0,0.0,1.0,0.0,0.07392277998126683,11.25,0.0,0.0,0.0,0.0,0.0,0.0,,,,,,,,,,,
