date,Team,Player,MinutesFloat,Valuation,IsStarter,pir_roll,pir_season_to_date,form_gap,min_roll,minutes_trend,start_rate_roll
2026-10-01,VIR,"KLINTMAN, BO",14.833333333333334,4,0,6.0,6.0,0.0,20.183333333333334,0.0,0.5
2026-10-01,IST,"STRAZEL, MATTHEW",22.916666666666668,5,1,11.0,11.0,0.0,23.458333333333336,0.0,1.0
2026-10-01,ZAL,"ULANOVAS, EDGARAS",19.733333333333334,12,0,5.5,5.5,0.0,12.95,0.0,0.0
2026-10-01,VIR,"FRAZIER, TRENT",19.9,6,0,8.5,8.5,0.0,20.733333333333334,0.0,0.5
2026-10-01,ZAL,"BUTKEVICIUS, ARNAS",18.65,5,1,6.5,6.5,0.0,18.416666666666664,0.0,1.0
2026-10-01,PRS,"HOMMES, DAULTON",16.65,5,0,0.0,0.0,0.0,11.466666666666667,0.0,0.0
2026-10-01,ZAL,"SLEVA, DUSTIN",14.766666666666667,-1,1,3.0,3.0,0.0,10.05,0.0,0.0
2026-10-01,MAD,"FELIZ, ANDRES",12.533333333333333,-4,0,11.5,11.5,0.0,20.85,0.0,0.0
2026-10-01,HTA,"ODIASE, TAI",10.05,-2,0,4.5,4.5,0.0,13.591666666666669,0.0,0.0
2026-10-01,RED,"CARTER, TYSON",19.866666666666667,13,1,7.5,7.5,0.0,17.633333333333333,0.0,1.0
2026-10-01,HTA,"MICIC, VASILIJE",33.233333333333334,16,1,5.5,5.5,0.0,29.291666666666664,0.0,1.0
2026-10-01,PRS,"DOKOSSI, ALLAN",21.733333333333334,17,0,5.5,5.5,0.0,20.416666666666664,0.0,0.0
2026-10-01,ZAL,"GRIGONIS, MARIUS",18.3,6,0,6.0,6.0,0.0,15.533333333333331,0.0,0.0
2026-10-01,PRS,"WARREN, TJ",15.716666666666667,7,1,10.0,10.0,0.0,19.65,0.0,1.0
2026-10-01,HTA,"BRYANT, ELIJAH",31.55,40,1,22.0,22.0,0.0,32.9,0.0,1.0
2026-10-01,OLY,"DORSEY, TYLER",27.1,19,1,18.5,18.5,0.0,21.316666666666666,0.0,1.0
2026-10-01,OLY,"MONTERO, JEAN",18.583333333333332,8,0,20.0,20.0,0.0,23.541666666666664,0.0,0.0
2026-10-01,OLY,"MILLER-MCINTYRE, CODI",24.316666666666666,6,1,3.5,3.5,0.0,16.15833333333333,0.0,1.0
2026-10-01,ZAL,"VALANCIUNAS, JONAS",20.633333333333333,16,1,22.5,22.5,0.0,22.708333333333336,0.0,1.0
2026-10-01,RED,"WEILER-BABB, NICK",24.633333333333333,3,1,1.5,1.5,0.0,19.125,0.0,0.0
2026-10-01,MAD,"DECK, GABRIEL",12.916666666666666,-4,0,0.5,0.5,0.0,19.191666666666666,0.0,0.5
2026-10-01,HTA,"LEDAY, ZACH",16.233333333333334,16,1,13.0,13.0,0.0,17.166666666666664,0.0,1.0
2026-10-01,PRS,"ETIENNE, TYSON",10.3,-6,0,7.5,7.5,0.0,18.266666666666666,0.0,0.0
2026-10-01,RED,"OJELEYE, SEMI",23.466666666666665,12,1,10.5,10.5,0.0,25.916666666666664,0.0,1.0
2026-10-01,VIR,"HACKETT, DANIEL",13.4,3,0,-1.0,-1.0,0.0,11.791666666666668,0.0,0.0
