Season,Gamecode,Live,Round,Date,Hour,Stadium,Capacity,TeamA,TeamB,CodeTeamA,TVCodeA,CodeTeamB,TVCodeB,imA,imB,ScoreA,ScoreB,CoachA,CoachB,GameTime,RemainingPartialTime,wid,Quarter,FoultsA,FoultsB,TimeoutsA,TimeoutsB,ScoreQuarter1A,ScoreQuarter2A,ScoreQuarter3A,ScoreQuarter4A,ScoreExtraTimeA,ScoreQuarter1B,ScoreQuarter2B,ScoreQuarter3B,ScoreQuarter4B,ScoreExtraTimeB,Phase,PhaseReducedName,Competition,CompetitionReducedName,pcom,Referee1,Referee2,Referee3
2026,7,False,1,24/09/2026,20:15 ,TELEKOM CENTER ATHENS,17013,PANATHINAIKOS AKTOR ATHENS,PARIS BASKETBALL,PAN,PAO,PRS,PBB,PAN       ,PRS       ,91,72,"OBRADOVIC, ZELJKO","LEFEVRE, MAXIME",40:00,00:00,80,,18,22,4,3,31,42,69,91,0,17,31,44,72,0,REGULAR SEASON,R S ,EUROLEAGUE 2026-27,E2026     ,E2026     ,"PEREZ, EMILIO","ATTARD, MANUEL","UDYANSKYY, EDUARD"
2026,1,False,1,24/09/2026,20:00 ,BELGRADE ARENA,16420,CRVENA ZVEZDA MERIDIANBET BELGRADE,ZALGIRIS KAUNAS,RED,CZV,ZAL,ZAL,RED       ,ZAL       ,77,83,"NAVARRO, IBON","MASIULIS, TOMAS",40:00,00:00,80,,27,22,5,3,21,45,57,77,0,28,43,59,83,0,REGULAR SEASON,R S ,EUROLEAGUE 2026-27,E2026     ,E2026     ,"PERUGA, CARLOS","BAENA, ALBERTO","GIOVANNETTI, GUIDO"
2026,5,False,1,24/09/2026,20:30 ,BUESA ARENA,6848,KOSNER BASKONIA VITORIA-GASTEIZ,OLYMPIACOS PIRAEUS,BAS,KBA,OLY,OLY,BAS       ,OLY       ,89,106,"GALBIATI, PAOLO","BARTZOKAS, GEORGIOS",40:00,00:00,80,,23,18,4,2,29,46,60,89,0,36,56,81,106,0,REGULAR SEASON,R S ,EUROLEAGUE 2026-27,E2026     ,E2026     ,"HORDOV, TOMISLAV","SUKYS, ARTURAS","KOLJENSIC, MILOS"
2026,6,False,1,24/09/2026,20:45 ,LDLC ARENA,7105,LDLC ASVEL VILLEURBANNE,MACCABI RAPYD TEL AVIV,ASV,ASV,TEL,MTA,ASV       ,TEL       ,84,74,"PARKER, TONY","KATTASH, ODED",40:00,00:00,80,,20,25,3,4,19,42,62,84,0,19,32,57,74,0,REGULAR SEASON,R S ,EUROLEAGUE 2026-27,E2026     ,E2026     ,"NEDOVIC, MILAN","ROSSI, MICHELE","VYKLICKY, ROBERT"
2026,3,False,1,24/09/2026,18:00 ,ARENA 8888 SOFIA,0,HAPOEL IBI TEL AVIV,FC BAYERN MUNICH,HTA,HTA,MUN,BAY,HTA       ,MUN       ,84,86,"ITOUDIS, DIMITRIS","GAVEL, ANTON",40:00,00:00,80,,18,22,5,3,21,39,57,84,0,16,44,68,86,0,REGULAR SEASON,R S ,EUROLEAGUE 2026-27,E2026     ,E2026     ,"MOGULKOC, EMIN","SILVA, SERGIO","CELIK, HUSEYIN"
2026,4,False,1,24/09/2026,20:30 ,PALAU BLAUGRANA,5621,FC BARCELONA,ANADOLU EFES ISTANBUL,BAR,BAR,IST,EFS,BAR       ,IST       ,89,82,"SEKULIC, ALEKSANDER","LASO, PABLO",40:00,00:00,80,,20,19,3,4,16,45,63,89,0,25,44,67,82,0,REGULAR SEASON,R S ,EUROLEAGUE 2026-27,E2026     ,E2026     ,"PUKL,SASA","BOUBERT, MAXIME","TIGANIS, IOANNIS"
2026,2,False,1,24/09/2026,18:00 ,COCA-COLA ARENA,7269,DUBAI BASKETBALL,REAL MADRID,DUB,DUB,MAD,RMB,DUB       ,MAD       ,78,77,"PASCUAL, XAVI","MARTINEZ, PEDRO",40:00,00:00,80,,16,17,3,5,20,38,63,78,0,16,44,62,77,0,REGULAR SEASON,R S ,EUROLEAGUE 2026-27,E2026     ,E2026     ,"RYZHYK, BORYS","KONSTANTINOVS, KRISTAPS","PEERANDI, RAIN"
2026,8,False,1,25/09/2026,19:00 ,TURKCELL BASKETBALL DEVELOPMENT CENTER,5103,BESIKTAS ISTANBUL,VALENCIA BASKET,BES,BJK,PAM,VBC,BES       ,PAM       ,94,96,"ALIMPIJEVIC, DUSAN","ALBERT, XAVIER",40:00,00:00,80,,26,24,4,3,27,51,71,94,0,28,54,81,96,0,REGULAR SEASON,R S ,EUROLEAGUE 2026-27,E2026     ,E2026     ,"DIFALLAH, MEHDI","FOUFIS, IOANNIS","KARDUM, LUKA"
2026,9,False,1,25/09/2026,19:45 ,ULKER SPORTS AND EVENT HALL,8850,FENERBAHCE TARFIN ISTANBUL,VIRTUS BOLOGNA,ULK,FBT,VIR,VIR,ULK       ,VIR       ,78,68,"JASIKEVICIUS, SARAS","MUMBRU, ALEX",40:00,00:00,80,,19,25,3,4,23,39,59,78,0,17,38,55,68,0,REGULAR SEASON,R S ,EUROLEAGUE 2026-27,E2026     ,E2026     ,"GARCIA, JUAN CARLOS","JOVCIC, MILIVOJE","CALIC, STEFAN"
2026,10,False,1,25/09/2026,20:45 ,BELGRADE ARENA,13783,PARTIZAN MOZZART BET BELGRADE,ARMANI OLIMPIA MILAN,PAR,PAR,MIL,MIL,PAR       ,MIL       ,92,76,"PENARROYA, JOAN","POETA, GIUSEPPE",40:00,00:00,80,,18,20,3,4,20,42,63,92,0,16,36,58,76,0,REGULAR SEASON,R S ,EUROLEAGUE 2026-27,E2026     ,E2026     ,"LOTTERMOSER, ROBERT","ALIAGA, JORDI","BISSUEL, THOMAS"
2026,15,False,2,29/09/2026,20:30 ,ROIG ARENA,12156,VALENCIA BASKET,KOSNER BASKONIA VITORIA-GASTEIZ,PAM,VBC,BAS,KBA,PAM       ,BAS       ,111,88,"ALBERT, XAVIER","GALBIATI, PAOLO",40:00,00:00,80,,18,22,1,3,26,52,83,111,0,10,33,60,88,0,REGULAR SEASON,R S ,EUROLEAGUE 2026-27,E2026     ,E2026     ,"BELOSEVIC, ILIJA","LOTTERMOSER, ROBERT","SHEMMESH, SEFFI"
2026,11,False,2,29/09/2026,19:00 ,TURKCELL BASKETBALL DEVELOPMENT CENTER,8087,ANADOLU EFES ISTANBUL,REAL MADRID,IST,EFS,MAD,RMB,IST       ,MAD       ,94,84,"LASO, PABLO","MARTINEZ, PEDRO",40:00,00:00,80,,21,24,3,4,27,53,72,94,0,29,41,65,84,0,REGULAR SEASON,R S ,EUROLEAGUE 2026-27,E2026     ,E2026     ,"NEDOVIC, MILAN","RACYS, SAULIUS","TSAROUCHA, VASILIKI"
2026,18,False,2,29/09/2026,20:45 ,ADIDAS ARENA,5680,PARIS BASKETBALL,PARTIZAN MOZZART BET BELGRADE,PRS,PBB,PAR,PAR,PRS       ,PAR       ,79,92,"LEFEVRE, MAXIME","PENARROYA, JOAN",40:00,00:00,80,,25,21,3,3,18,40,63,79,0,15,44,67,92,0,REGULAR SEASON,R S ,EUROLEAGUE 2026-27,E2026     ,E2026     ,"PERUGA, CARLOS","FOUFIS, IOANNIS","MANUEL, SERGIO"
2026,16,False,2,29/09/2026,20:30 ,UNIPOL FORUM,6950,ARMANI OLIMPIA MILAN,VIRTUS BOLOGNA,MIL,MIL,VIR,VIR,MIL       ,VIR       ,87,85,"POETA, GIUSEPPE","MUMBRU, ALEX",40:00,00:00,80,,20,23,5,3,30,47,66,87,0,20,41,67,85,0,REGULAR SEASON,R S ,EUROLEAGUE 2026-27,E2026     ,E2026     ,"RYZHYK, BORYS","BAENA, ALBERTO","DRAGOJEVIC, IGOR"
2026,12,False,2,29/09/2026,20:00 ,BELGRADE ARENA,14247,CRVENA ZVEZDA MERIDIANBET BELGRADE,HAPOEL IBI TEL AVIV,RED,CZV,HTA,HTA,RED       ,HTA       ,80,81,"NAVARRO, IBON","ITOUDIS, DIMITRIS",40:00,00:00,80,,29,22,3,4,18,35,59,80,0,28,45,67,81,0,REGULAR SEASON,R S ,EUROLEAGUE 2026-27,E2026     ,E2026     ,"GARCIA, JUAN CARLOS","DIFALLAH, MEHDI","BISSANG, JOSEPH"
2026,14,False,2,29/09/2026,19:00 ,ZALGIRIO ARENA,15267,ZALGIRIS KAUNAS,OLYMPIACOS PIRAEUS,ZAL,ZAL,OLY,OLY,ZAL       ,OLY       ,91,93,"MASIULIS, TOMAS","BARTZOKAS, GEORGIOS",40:00,00:00,80,,22,15,3,4,24,44,63,91,0,21,44,64,93,0,REGULAR SEASON,R S ,EUROLEAGUE 2026-27,E2026     ,E2026     ,"PUKL,SASA","PEREZ, EMILIO","KARDUM, LUKA"
2026,17,False,2,29/09/2026,19:45 ,ULKER SPORTS AND EVENT HALL,8133,FENERBAHCE TARFIN ISTANBUL,FC BAYERN MUNICH,ULK,FBT,MUN,BAY,ULK       ,MUN       ,100,76,"JASIKEVICIUS, SARAS","GAVEL, ANTON",40:00,00:00,80,,19,16,3,4,31,50,75,100,0,15,31,51,76,0,REGULAR SEASON,R S ,EUROLEAGUE 2026-27,E2026     ,E2026     ,"HORDOV, TOMISLAV","PETEK, SASO","BOUBERT, MAXIME"
2026,13,False,2,29/09/2026,18:00 ,COCA-COLA ARENA,7313,DUBAI BASKETBALL,FC BARCELONA,DUB,DUB,BAR,BAR,DUB       ,BAR       ,94,87,"PASCUAL, XAVI","SEKULIC, ALEKSANDER",40:00,00:00,80,,14,22,2,5,23,52,76,94,0,25,37,62,87,0,REGULAR SEASON,R S ,EUROLEAGUE 2026-27,E2026     ,E2026     ,"LATISEVS, OLEGS","PASTUSIAK, PIOTR","CICI, GENTIAN"
2026,20,False,2,30/09/2026,20:15 ,TELEKOM CENTER ATHENS,15733,PANATHINAIKOS AKTOR ATHENS,LDLC ASVEL VILLEURBANNE,PAN,PAO,ASV,ASV,PAN       ,ASV       ,102,79,"OBRADOVIC, ZELJKO","PARKER, TONY",40:00,00:00,80,,19,23,1,4,25,56,80,102,0,13,34,56,79,0,REGULAR SEASON,R S ,EUROLEAGUE 2026-27,E2026     ,E2026     ,"JAVOR, DAMIR","JOVCIC, MILIVOJE","ALIAGA, JORDI"
2026,19,False,2,30/09/2026,20:05 ,ALEKSANDAR NIKOLIC HALL,427,MACCABI RAPYD TEL AVIV,BESIKTAS ISTANBUL,TEL,MTA,BES,BJK,TEL       ,BES       ,93,109,"KATTASH, ODED","ALIMPIJEVIC, DUSAN",40:00,00:00,80,,21,25,4,4,19,46,63,93,0,27,52,78,109,0,REGULAR SEASON,R S ,EUROLEAGUE 2026-27,E2026     ,E2026     ,"CORTES, CARLOS","UDYANSKYY, EDUARD","TIGANIS, IOANNIS"
2026,21,False,3,01/10/2026,20:00 ,BELGRADE ARENA,14081,CRVENA ZVEZDA MERIDIANBET BELGRADE,ANADOLU EFES ISTANBUL,RED,CZV,IST,EFS,RED       ,IST       ,77,72,"NAVARRO, IBON","LASO, PABLO",40:00,00:00,80,,23,23,3,4,19,37,56,77,0,21,36,53,72,0,REGULAR SEASON,R S ,EUROLEAGUE 2026-27,E2026     ,E2026     ,"VILIUS, GYTIS","BITTNER, STEVE","MANUEL, SERGIO"
2026,24,False,3,01/10/2026,20:45 ,ADIDAS ARENA,3746,PARIS BASKETBALL,ZALGIRIS KAUNAS,PRS,PBB,ZAL,ZAL,PRS       ,ZAL       ,82,78,"LEFEVRE, MAXIME","MASIULIS, TOMAS",40:00,00:00,80,,29,20,3,4,17,41,61,82,0,19,38,53,78,0,REGULAR SEASON,R S ,EUROLEAGUE 2026-27,E2026     ,E2026     ,"HORDOV, TOMISLAV","TRAWICKI, TOMASZ","OBRKNEZEVIC, UROS"
2026,23,False,3,01/10/2026,20:30 ,PALADOZZA,5167,VIRTUS BOLOGNA,OLYMPIACOS PIRAEUS,VIR,VIR,OLY,OLY,VIR       ,OLY       ,96,94,"MUMBRU, ALEX","BARTZOKAS, GEORGIOS",40:00,00:00,80,,18,20,5,3,33,49,75,96,0,30,50,70,94,0,REGULAR SEASON,R S ,EUROLEAGUE 2026-27,E2026     ,E2026     ,"PERUGA, CARLOS","BELOSEVIC, ILIJA","HADZIC, DENIS"
2026,22,False,3,01/10/2026,18:00 ,ARENA 8888 SOFIA,0,HAPOEL IBI TEL AVIV,REAL MADRID,HTA,HTA,MAD,RMB,HTA       ,MAD       ,102,98,"ITOUDIS, DIMITRIS","MARTINEZ, PEDRO",40:00,00:00,80,,23,28,5,5,29,63,75,102,0,20,43,75,98,0,REGULAR SEASON,R S ,EUROLEAGUE 2026-27,E2026     ,E2026     ,"PUKL,SASA","PETEK, SASO","GIOVANNETTI, GUIDO"
