Player_ID,Player,Team,gp_avg,min_avg,pts_avg,ast_avg,reb_avg,pir_avg
011157,"MOTLEY, JOHNATHAN",RED,3.0,12.366666666666667,1.3,1.0,2.3,-3.0
014220,"SILVA, CHRIS",ULK,2.0,7.575,2.5,0.0,1.0,-1.5
009005,"DECK, GABRIEL",MAD,3.0,17.099999999999998,1.0,0.3,1.3,-1.0
007513,"GIEDRAITIS, DOVYDAS",ZAL,3.0,11.31111111111111,0.0,1.0,1.0,-1.0
014742,"THOMPSON, ETHAN",PAR,2.0,10.658333333333333,4.0,0.5,1.5,-1.0
009513,"HOLLATZ, JUSTUS",MUN,2.0,10.7,2.0,1.5,1.0,-0.5
014316,"JOSEPH, CORY",OLY,2.0,11.25,3.0,0.0,0.0,0.0
007032,"LO, MAODO",ZAL,3.0,15.644444444444444,1.7,2.7,2.3,0.0
014094,"MILJENOVIC, STEFAN",RED,3.0,2.9555555555555557,1.0,0.3,0.0,0.0
013381,"RAYMAN, WILLIAM",TEL,2.0,6.866666666666666,0.0,0.0,1.0,0.0
015085,"WALLACE, KEATON",TEL,2.0,14.025,5.5,0.0,1.5,0.0
001844,"HACKETT, DANIEL",VIR,3.0,12.327777777777778,0.7,1.0,2.3,0.3
005368,"YUSTA, SANTI",IST,3.0,8.333333333333334,2.3,0.3,0.7,0.3
013900,"GACH, BOTH",ASV,2.0,14.908333333333333,5.5,1.0,0.0,0.5
010431,"MORGAN, JEREMY",PRS,3.0,11.877777777777778,3.0,1.0,1.3,0.7
014802,"BELLO, RASHEED",VIR,3.0,10.605555555555556,4.7,1.0,1.0,1.0
008186,"BLAZEVIC, MAREK",ZAL,3.0,9.86111111111111,3.0,0.0,2.3,1.0
008912,"CARRINGTON, KHADEEN",HTA,2.0,3.3666666666666667,0.0,0.5,0.5,1.0
013929,"COLE, RJ",MIL,2.0,12.05,5.5,1.5,1.0,1.0
012403,"FAYE, MOUHAMED",PRS,3.0,11.744444444444445,1.0,0.7,2.3,1.0
014219,"FERRARI, FRANCESCO",VIR,3.0,1.6333333333333335,0.7,0.0,0.3,1.0
015138,"MARTIN, TYRESE",BAR,2.0,21.483333333333334,6.0,1.0,4.0,1.0
008985,"BOLMARO, LEANDRO",MIL,2.0,22.1,3.0,1.5,3.0,1.5
011948,"HOWARD, MARKUS",BAS,2.0,11.45,7.0,0.5,0.5,1.5
001288,"LUCIC, VLADIMIR",MUN,2.0,14.583333333333334,1.0,0.5,1.5,1.5
015142,"MINAYA, JUSTIN",BAR,2.0,12.4,1.5,0.5,0.5,1.5
014731,"MINTZ, DAVION",DUB,2.0,10.991666666666667,3.0,1.0,1.0,1.5
011949,"HOMMES, DAULTON",PRS,3.0,13.194444444444445,2.7,0.7,2.7,1.7
003458,"BERTANS, DAVIS",DUB,2.0,12.35,3.0,0.0,1.0,2.0
006760,"BONGA, ISAAC",PAN,2.0,17.541666666666668,3.5,0.5,2.5,2.0
013269,"CALE, MYLES",ASV,2.0,14.308333333333334,3.0,1.0,3.0,2.0
007736,"LAKIC, ARIJAN",PAR,2.0,20.616666666666667,5.0,1.0,1.0,2.0
014134,"NORRIS, MILES",MUN,2.0,17.4,3.5,0.5,2.5,2.0
011927,"SLEVA, DUSTIN",ZAL,3.0,11.622222222222222,2.7,0.3,2.7,2.0
010391,"WEILER-BABB, NICK",RED,3.0,20.961111111111112,1.3,3.7,4.7,2.0
003733,"ABALDE, ALBERTO",MAD,3.0,11.588888888888889,2.7,1.3,1.3,2.3
012080,"LUWAWU-CABARROT, TIMOTHE",MAD,3.0,19.82777777777778,10.7,0.7,0.7,2.3
011823,"ODIASE, TAI",HTA,3.0,12.411111111111111,2.7,0.0,1.0,2.3
006707,"BALDASSO, TOMMASO",VIR,2.0,8.933333333333334,3.0,1.5,1.5,2.5
011244,"DA SILVA, OSCAR",MUN,2.0,13.05,2.0,1.0,1.0,2.5
013383,"GABRIEL, WENYEN",BES,2.0,11.066666666666666,3.0,0.5,1.0,2.5
015152,"GERMAN, EUGENE",HTA,2.0,8.216666666666667,5.0,0.0,0.5,2.5
012618,"MASSA, BODIAN",ASV,2.0,18.0,2.5,1.0,3.0,2.5
003783,"UGURLU, BERK",BES,2.0,10.108333333333333,2.5,1.5,0.0,2.5
015143,"ETIENNE, TYSON",PRS,3.0,15.611111111111112,8.0,1.7,1.7,3.0
014107,"JOKSIMOVIC, STEFAN",BAS,2.0,8.658333333333333,1.0,3.5,1.5,3.0
012710,"OSMANI, ERCAN",IST,3.0,17.555555555555554,4.3,1.0,3.0,3.0
001133,"SHENGELIA, TORNIKE",DUB,2.0,12.95,4.5,0.5,5.0,3.0
014152,"SIMMONS, KOBI",BAS,2.0,14.583333333333334,3.0,3.5,2.0,3.0
013284,"WAINRIGHT, ISH",HTA,3.0,19.144444444444442,2.3,0.3,2.3,3.0
015165,"WATERS, TREMONT",ASV,2.0,15.216666666666667,4.5,2.0,1.0,3.0
001255,"PAPANIKOLAOU, KOSTAS",OLY,3.0,10.622222222222222,0.7,1.0,1.7,3.3
014026,"FRISCH, CLEMENT",BAS,2.0,4.416666666666667,2.5,0.0,1.0,3.5
007464,"PARRA, JOEL",BAR,2.0,26.883333333333333,6.5,2.0,2.5,3.5
006832,"PONS, YVES",ASV,2.0,10.008333333333333,5.5,0.0,1.0,3.5
013943,"RUSSELL, DARON",IST,3.0,8.527777777777777,3.7,1.3,1.7,3.7
009992,"BRIZUELA, DARIO",BAR,2.0,18.475,10.0,0.5,1.5,4.0
015103,"JONES, DAMIAN",MAD,3.0,10.622222222222222,5.3,0.0,2.0,4.0
011981,"JONES, TYRIQUE",OLY,3.0,10.472222222222223,6.3,0.3,2.7,4.0
010781,"LUNDBERG, IFFE",TEL,2.0,21.341666666666665,6.5,2.5,3.0,4.0
010393,"PRADILLA, JAIME",MAD,3.0,11.03888888888889,3.0,0.7,1.0,4.0
011706,"SAINT-SUPERY, MARIO",PAM,2.0,16.441666666666666,5.0,1.5,1.5,4.0
008855,"WALKUP, THOMAS",DUB,2.0,14.116666666666667,5.0,2.0,1.5,4.0
009048,"MILLER-MCINTYRE, CODI",OLY,3.0,18.877777777777776,2.0,6.7,1.7,4.3
004007,"DOBRIC, OGNJEN",RED,3.0,12.255555555555555,5.0,0.3,2.7,4.7
014029,"IZUNDU, EBUKA",RED,3.0,16.77777777777778,4.7,0.3,5.7,4.7
006482,"KRAMER, DAVID",RED,3.0,16.27777777777778,6.7,0.7,3.0,4.7
007527,"BADIO, BRANCOU",PAN,2.0,19.716666666666665,4.5,2.5,2.5,5.0
013290,"JESSUP, JUSTINIAN",MUN,2.0,13.533333333333333,7.5,1.0,1.0,5.0
015140,"NKAMHOUA, OLIVIER",BAR,2.0,17.391666666666666,5.0,0.5,2.5,5.0
012738,"REUVERS, NATHAN",PAM,2.0,16.016666666666666,6.0,0.5,2.5,5.0
002968,"SANLI, SERTAC",ULK,2.0,11.958333333333334,7.5,0.5,2.0,5.0
014738,"KLINTMAN, BO",VIR,3.0,18.400000000000002,5.0,1.3,4.0,5.3
009035,"BOLOMBOY, JOEL",ASV,2.0,20.791666666666668,2.0,0.5,5.5,5.5
010390,"HAYES, KEVARRIUS",PAR,2.0,15.683333333333334,6.0,1.0,3.5,5.5
008173,"SPAGNOLO, MATTEO",BAS,2.0,18.283333333333335,5.0,4.0,2.0,5.5
013278,"WILEY, AUSTIN",MUN,2.0,13.725,7.0,0.0,5.0,5.5
013374,"DIOUF, MOUHAMET",VIR,3.0,11.822222222222223,5.7,0.0,2.0,5.7
013667,"FERNANDO, BRUNO",IST,3.0,19.855555555555558,6.0,0.3,3.3,5.7
002939,"SATORANSKY, TOMAS",HTA,3.0,21.416666666666668,5.7,3.0,2.7,5.7
014736,"BAUGH, DAMION",BAS,2.0,13.858333333333333,5.5,3.0,1.5,6.0
011231,"BLOSSOMGAME, JARON",DUB,2.0,14.375,5.0,0.0,1.5,6.0
014782,"BURNELL, JASON",MIL,2.0,14.391666666666667,4.5,1.5,5.5,6.0
002676,"BUTKEVICIUS, ARNAS",ZAL,3.0,18.494444444444444,3.0,0.7,4.0,6.0
012742,"DOZIER, PJ",IST,3.0,14.994444444444445,8.3,1.7,2.3,6.0
002328,"GRIGONIS, MARIUS",ZAL,3.0,16.455555555555556,5.7,2.0,2.3,6.0
011209,"KALAITZAKIS, PANAGIOTIS",PAN,2.0,18.3,5.0,3.5,3.0,6.0
005713,"KURUCS, RODIONS",BAS,2.0,18.216666666666665,2.5,4.0,6.0,6.0
011247,"FELIZ, ANDRES",MAD,3.0,18.07777777777778,7.0,3.7,3.0,6.3
012611,"HERRERA, SEBASTIAN",PRS,3.0,19.416666666666668,7.0,2.3,1.0,6.3
007056,"BOOKER, DEVIN",MIL,2.0,12.116666666666667,6.0,0.5,4.5,6.5
011980,"SESTINA, NATHAN",ASV,2.0,12.991666666666667,7.0,1.5,2.0,6.5
012515,"TARPEY, TERRY",PRS,2.0,14.4,0.0,4.5,3.5,6.5
011196,"HALL, DONTA",OLY,3.0,17.022222222222222,2.3,1.3,4.0,6.7
014005,"ALSTON JR. , DERRICK",VIR,3.0,23.722222222222225,12.3,1.3,0.7,7.0
014732,"BEAUCHAMP, MARJON",MUN,2.0,21.341666666666665,7.5,2.5,2.5,7.0
013373,"CAVALIERE, LEOPOLD",PRS,3.0,14.933333333333332,5.0,1.7,2.0,7.0
014027,"DIAKITE, MAMADI",DUB,2.0,15.65,6.5,1.5,1.0,7.0
014735,"DUARTE, CHRIS",BAS,2.0,20.608333333333334,9.0,1.5,4.0,7.0
015160,"JOHNSON, ALIZE",PRS,2.0,15.833333333333334,6.0,0.5,4.5,7.0
012609,"MALCOLM, COLLIN",IST,3.0,19.02777777777778,4.0,2.0,1.7,7.0
011194,"PETRUSEV, FILIP",DUB,2.0,12.758333333333333,3.5,1.0,4.0,7.0
006643,"PUERTO, JOSEP",PAM,2.0,14.158333333333333,6.5,0.5,1.5,7.0
013367,"FORREST, TRENT",ULK,2.0,22.058333333333334,4.0,3.0,3.5,7.5
014115,"MOORE, OMARI",PAM,2.0,16.333333333333332,6.0,4.0,4.0,7.5
014008,"ROBINSON, JUSTIN",BAR,2.0,18.5,8.5,3.5,1.5,7.5
015244,"SMITH JR, NICK",MAD,2.0,16.975,11.0,1.0,2.0,7.5
011078,"THOMPSON, DARIUS",MIL,2.0,21.166666666666668,9.5,2.0,0.0,7.5
015029,"FRAZIER, TRENT",VIR,3.0,20.455555555555556,8.0,3.7,2.7,7.7
002329,"ULANOVAS, EDGARAS",ZAL,3.0,15.21111111111111,3.7,2.0,2.0,7.7
011924,"ALLMAN, KYLE",PAR,2.0,20.691666666666666,9.0,1.5,2.0,8.0
015164,"BESSON, HUGO",ASV,2.0,17.5,9.0,3.0,2.5,8.0
013402,"BLAKENEY, ANTONIO",HTA,3.0,25.61111111111111,11.7,1.0,1.3,8.0
015161,"FODZO DADA, MARC-OWEN",ASV,2.0,23.358333333333334,10.5,3.5,2.5,8.0
012700,"STEWART, DJ",BAS,2.0,24.275,11.0,2.0,1.5,8.0
012610,"WARD, TYSON",OLY,3.0,20.72222222222222,7.3,1.0,3.0,8.0
012613,"JANTUNEN, MIKAEL",MAD,3.0,20.5,8.0,1.3,2.7,8.3
004888,"CLYBURN, WILL",ULK,2.0,18.625,7.5,1.5,2.0,8.5
007866,"MITOGLOU, KONSTANTINOS",PAN,2.0,18.583333333333332,8.0,0.5,3.5,8.5
010545,"SAKO, NEAL",PAM,2.0,14.3,7.0,2.0,3.5,8.5
007831,"SHIELDS, SHAVON",ULK,2.0,22.266666666666666,7.5,1.5,2.5,8.5
014163,"BUTLER, JARED",RED,3.0,15.133333333333333,11.0,2.3,2.0,8.7
014102,"JONES, KAI",IST,3.0,13.816666666666668,2.3,0.3,4.3,8.7
014127,"BRISSETT, O'SHAE J",TEL,2.0,22.308333333333334,8.0,1.0,5.0,9.0
009783,"COLSON, BONZIE",TEL,2.0,18.966666666666665,8.5,0.5,2.0,9.0
013380,"FOURNIER, EVAN",OLY,3.0,21.63888888888889,10.7,1.7,3.0,9.0
002580,"MICIC, VASILIJE",HTA,3.0,30.605555555555554,15.7,3.3,2.7,9.0
014786,"NOWELL, JAYLEN",BES,2.0,21.55,11.5,3.0,2.5,9.0
006896,"SARGIUNAS, IGNAS",ULK,2.0,16.816666666666666,7.5,2.5,1.5,9.0
008099,"STRAZEL, MATTHEW",IST,3.0,23.277777777777775,13.0,2.7,2.3,9.0
015139,"UMUDE, STANLEY",BAR,2.0,15.341666666666667,7.5,1.0,3.0,9.0
015168,"WARREN, TJ",PRS,3.0,18.33888888888889,12.3,0.0,2.3,9.0
011305,"CARTER, TYSON",RED,3.0,18.377777777777776,8.7,2.0,2.3,9.3
014010,"DOKOSSI, ALLAN",PRS,3.0,20.855555555555558,4.0,3.0,4.7,9.3
014006,"OKEKE, CHUMA",MAD,2.0,17.016666666666666,9.5,1.0,3.0,9.5
011214,"RIVERO, JASIEL",PAM,2.0,15.683333333333334,10.0,0.5,3.0,10.0
005928,"CAMPAZZO, FACUNDO",MAD,3.0,19.616666666666667,8.3,4.0,2.3,10.3
011987,"EDWARDS, CARSEN",ZAL,3.0,22.972222222222225,16.0,2.0,1.0,10.3
010568,"JONES, CHRIS",RED,3.0,14.977777777777776,7.3,5.3,1.0,10.3
013363,"NWORA, JORDAN",RED,3.0,22.233333333333334,11.7,0.7,5.0,10.3
007519,"JOKUBAITIS, ROKAS",MUN,2.0,18.833333333333332,9.0,4.5,1.0,10.5
005637,"TANASKOVIC, NIKOLA",PAR,2.0,21.075,8.0,0.5,4.0,10.5
014416,"EDWARDS, KESSLER",VIR,3.0,25.444444444444443,4.7,1.0,6.3,10.7
014737,"MOORE, WENDELL",VIR,3.0,23.822222222222223,11.0,1.0,4.7,10.7
014178,"RHODEN, JARED",PRS,3.0,20.044444444444444,11.3,2.0,4.7,10.7
014168,"KEY, BRAXTON",ULK,2.0,23.025,6.5,2.0,7.5,11.0
002849,"MELLI, NICOLO",ULK,2.0,21.75,7.5,1.0,4.0,11.0
011982,"OJELEYE, SEMI",RED,3.0,25.099999999999998,7.3,2.0,6.3,11.0
014207,"OMORUYI, EUGENE",BES,2.0,23.041666666666668,14.0,3.0,3.0,11.0
010581,"OSETKOWSKI, DYLAN",PAM,2.0,18.583333333333332,6.5,0.5,6.0,11.0
011284,"FARIED, KENNETH",BAS,2.0,20.425,10.0,0.0,4.0,11.5
003526,"LIGHTY, DAVID",ASV,2.0,16.083333333333332,10.5,1.0,0.5,11.5
006739,"PAJOLA, ALESSANDRO",PAR,2.0,20.225,6.5,4.0,3.0,11.5
004132,"THEIS, DANIEL",TEL,2.0,18.6,9.0,0.5,2.5,11.5
004554,"ZIZIC, ANTE",BES,2.0,19.083333333333332,6.5,1.0,5.5,11.5
009754,"LOYD, JORDAN",IST,3.0,20.822222222222223,10.3,1.3,3.7,11.7
011204,"GRANT, JERIAN",PAN,2.0,17.241666666666667,10.0,2.5,1.0,12.0
004508,"OBST, ANDREAS",MUN,2.0,24.716666666666665,13.5,1.0,1.0,12.0
011212,"OKOBO, ELIE",DUB,2.0,28.875,8.5,5.0,3.0,12.0
014009,"STEVENS, LAMAR",PAR,2.0,21.075,9.5,1.0,4.0,12.0
012640,"HIFI, NADIR",PRS,3.0,26.538888888888888,17.0,2.7,2.3,12.3
013384,"BROOKS, ARMONI",PAM,2.0,20.808333333333334,13.5,2.5,3.0,12.5
008829,"PETERS, ALEC",MIL,2.0,26.641666666666666,12.0,0.5,3.5,12.5
007201,"VOIGTMANN, JOHANNES",MUN,2.0,17.266666666666666,5.5,2.5,5.0,12.5
012606,"WRIGHT IV, MCKINLEY",DUB,2.0,25.8,13.0,3.0,3.5,12.5
012878,"WRIGHT, MOSES",MIL,2.0,26.816666666666666,8.5,1.5,7.0,12.5
013699,"CLARK III, JIMMY",TEL,2.0,18.55,12.0,5.5,3.5,13.0
011205,"HALL, DEVON",MIL,2.0,25.391666666666666,12.5,2.0,3.0,13.0
011052,"MADAR, YAM",TEL,2.0,23.391666666666666,9.5,7.0,2.0,13.0
012201,"MONEKE, CHIMA",RED,3.0,22.583333333333332,12.0,1.0,5.7,13.0
010357,"YABUSELE, GUERSCHON",PAN,2.0,18.083333333333332,11.0,1.5,5.0,13.0
009025,"BROWN, ANTHONY",BES,2.0,27.841666666666665,13.5,2.0,4.0,13.5
013855,"GIBSON, UMOJA",BAR,2.0,21.5,11.0,2.0,4.0,13.5
015163,"MILLS, PATTY",ASV,2.0,18.625,10.0,2.0,1.0,13.5
009680,"MORGAN, CONOR",BES,2.0,21.266666666666666,14.0,2.0,2.5,13.5
005985,"JAMES, MIKE",IST,3.0,28.555555555555557,15.0,4.0,2.3,13.7
004004,"GUDURIC, MARKO",MIL,2.0,27.95,15.5,3.5,3.5,14.0
008987,"LEDAY, ZACH",HTA,3.0,16.855555555555558,11.7,0.0,3.7,14.0
012731,"NDIAYE, MBAYE",OLY,3.0,15.394444444444444,12.0,0.0,2.3,14.0
011219,"SORKIN, ROMAN",TEL,2.0,17.791666666666668,11.0,1.0,3.5,14.0
012720,"BROWN, STERLING",ZAL,3.0,20.538888888888888,14.3,1.3,2.0,14.3
007553,"BALCEROWSKI, OLEK",BAR,2.0,22.608333333333334,10.0,2.0,3.5,14.5
012707,"CARR, MARCUS",VIR,3.0,22.455555555555552,14.7,7.7,1.7,15.0
006835,"HOARD, JAYLEN",TEL,2.0,27.933333333333334,11.5,1.0,4.5,15.0
014734,"LAWSON, A.J.",BAS,2.0,24.15,16.5,2.0,3.0,15.0
012788,"OTURU, DAN",HTA,3.0,21.67222222222222,10.7,1.0,7.3,15.0
011217,"TAYLOR, KAMERON",PAM,2.0,20.85,9.0,2.5,5.5,15.0
003958,"THIEMANN, JOHANNES",MUN,2.0,17.966666666666665,10.0,1.0,6.0,15.0
007947,"VILDOZA, LUCA",PAR,2.0,18.833333333333332,11.5,2.5,0.5,15.0
005791,"TAVARES, WALTER",MAD,3.0,23.53333333333333,10.0,0.0,8.0,15.3
015166,"CROWDER, JAE",ASV,2.0,18.208333333333332,11.5,3.5,2.5,15.5
008084,"MANTZOUKAS, ELEFTHERIOS",PAN,2.0,22.775,13.0,1.0,5.0,15.5
006661,"WILBEKIN, SCOTTIE",BES,2.0,23.508333333333333,16.0,4.0,1.0,15.5
010042,"MONTERO, JEAN",OLY,3.0,21.88888888888889,12.7,5.3,3.3,16.0
007230,"SEDEKERSKIS, TADAS",BAS,2.0,21.075,15.5,0.0,4.5,16.5
000796,"MIROTIC, NIKOLA",PAM,2.0,14.95,13.0,0.5,3.5,17.0
009863,"BALDWIN IV, WADE",ULK,2.0,20.25,12.5,7.0,4.0,17.5
013285,"DOTSON, DEVON",BES,2.0,23.866666666666667,13.0,4.0,2.0,18.0
009733,"JEKIRI, TONYE",PAR,2.0,20.9,11.0,2.0,4.0,18.0
012796,"KABENGELE, MFIONDU",DUB,2.0,24.483333333333334,15.0,1.5,6.5,18.0
003112,"SARIC, DARIO",IST,3.0,25.233333333333334,13.3,2.3,6.0,18.0
009849,"DORSEY, TYLER",OLY,3.0,23.244444444444444,19.0,1.3,1.7,18.7
014124,"HORTON TUCKER, TALEN",ULK,2.0,21.191666666666666,16.0,2.5,4.0,20.0
012608,"SHORTS, TJ",PAM,2.0,21.208333333333332,19.0,6.0,0.5,20.0
000898,"VALANCIUNAS, JONAS",ZAL,3.0,22.016666666666666,12.0,3.0,6.7,20.3
014108,"DIARRA, ALIOU",VIR,3.0,23.355555555555554,13.7,0.3,7.3,20.7
007975,"FRANCISCO, SYLVAIN",PAN,2.0,20.741666666666667,18.5,3.5,2.0,21.5
007027,"MALEDON, THEO",MAD,3.0,22.8,15.3,6.0,4.3,22.7
008192,"TUBELIS, AZUOLAS",ZAL,3.0,26.144444444444446,15.7,3.0,8.7,23.3
011286,"BACON, DWAYNE",DUB,2.0,27.65,19.0,2.5,6.0,25.0
003842,"LESSORT, MATHIAS",PAN,2.0,21.416666666666668,13.5,2.5,8.5,25.0
009862,"PUNTER, KEVIN",BAR,2.0,25.416666666666668,22.0,1.5,3.0,25.0
003469,"VEZENKOV, SASHA",OLY,3.0,23.42222222222222,20.0,0.7,6.3,26.3
009846,"BRYANT, ELIJAH",HTA,3.0,32.449999999999996,16.7,4.7,8.3,28.0
013369,"JONES, CARLIK",PAR,2.0,25.066666666666666,20.0,7.5,2.5,29.5
