Season,Gamecode,Home,Player_ID,IsStarter,IsPlaying,Team,Dorsal,Player,Minutes,Points,FieldGoalsMade2,FieldGoalsAttempted2,FieldGoalsMade3,FieldGoalsAttempted3,FreeThrowsMade,FreeThrowsAttempted,OffensiveRebounds,DefensiveRebounds,TotalRebounds,Assistances,Steals,Turnovers,BlocksFavour,BlocksAgainst,FoulsCommited,FoulsReceived,Valuation,Plusminus,date,round,home_team,away_team,MinutesFloat,pir_roll,min_roll,start_rate_roll,pir_season_to_date,min_season_to_date,pir_vs_roll,min_vs_roll,underperformed
2026,8,0,P000796   ,0,0.0,PAM,33,"MIROTIC, NIKOLA",13:45,13,2,3,1,3,6,6,1,2,3,0,1,0,0,0,2,5,17,2.0,2026-09-25,RS,BES,PAM,13.75,,,,,,,,0
2026,15,1,P000796   ,1,0.0,PAM,33,"MIROTIC, NIKOLA",16:09,13,2,2,2,5,3,3,1,3,4,1,1,0,0,0,0,1,17,4.0,2026-09-29,RS,PAM,BAS,16.15,,,,,,,,0
2026,1,0,P000898   ,1,0.0,ZAL,17,"VALANCIUNAS, JONAS",21:37,13,6,9,0,0,1,1,1,7,8,2,0,1,3,0,1,3,24,7.0,2026-09-24,RS,RED,ZAL,21.616666666666667,,,,,,,,0
2026,14,1,P000898   ,1,1.0,ZAL,17,"VALANCIUNAS, JONAS",23:48,11,3,6,1,1,2,2,2,4,6,7,1,3,1,0,3,4,21,13.0,2026-09-29,RS,ZAL,OLY,23.8,,,,,,,,0
2026,24,0,P000898   ,1,0.0,ZAL,17,"VALANCIUNAS, JONAS",20:38,12,3,4,0,0,6,9,2,4,6,0,0,4,3,0,3,6,16,-3.0,2026-10-01,RS,PRS,ZAL,20.633333333333333,22.5,22.708333333333336,1.0,22.5,22.708333333333336,-6.5,-2.075000000000003,1
2026,2,1,P001133   ,0,0.0,DUB,23,"SHENGELIA, TORNIKE",15:16,5,0,6,1,3,2,2,5,3,8,0,0,2,0,0,3,2,2,-8.0,2026-09-24,RS,DUB,MAD,15.266666666666667,,,,,,,,0
2026,13,1,P001133   ,0,0.0,DUB,23,"SHENGELIA, TORNIKE",10:38,4,2,3,0,0,0,0,0,2,2,1,0,2,0,0,2,1,3,-3.0,2026-09-29,RS,DUB,BAR,10.633333333333333,,,,,,,,0
2026,5,0,P001255   ,0,1.0,OLY,16,"PAPANIKOLAOU, KOSTAS",13:27,0,0,0,0,0,0,0,0,3,3,1,1,1,1,0,0,0,5,-3.0,2026-09-24,RS,BAS,OLY,13.45,,,,,,,,0
2026,14,0,P001255   ,0,0.0,OLY,16,"PAPANIKOLAOU, KOSTAS",08:28,2,1,1,0,0,0,0,1,1,2,2,1,2,0,0,0,0,5,5.0,2026-09-29,RS,ZAL,OLY,8.466666666666667,,,,,,,,0
2026,23,0,P001255   ,0,0.0,OLY,16,"PAPANIKOLAOU, KOSTAS",09:57,0,0,0,0,0,0,0,0,0,0,0,0,0,0,0,1,1,0,-3.0,2026-10-01,RS,VIR,OLY,9.95,5.0,10.958333333333332,0.0,5.0,10.958333333333332,-5.0,-1.0083333333333329,0
2026,3,0,P001288   ,0,0.0,MUN,11,"LUCIC, VLADIMIR",10:34,0,0,1,0,0,0,0,0,1,1,1,0,0,0,0,1,1,1,-8.0,2026-09-24,RS,HTA,MUN,10.566666666666666,,,,,,,,0
2026,17,0,P001288   ,0,0.0,MUN,11,"LUCIC, VLADIMIR",18:36,2,1,1,0,1,0,0,1,1,2,0,0,1,0,0,1,1,2,-9.0,2026-09-29,RS,ULK,MUN,18.6,,,,,,,,0
2026,10,0,P001518   ,0,1.0,MIL,17,"RICCI, GIAMPAOLO",05:57,3,0,0,1,1,0,0,0,2,2,0,0,0,0,0,0,1,6,-8.0,2026-09-25,RS,PAR,MIL,5.95,,,,,,,,0
2026,16,1,P001518   ,0,0.0,MIL,17,"RICCI, GIAMPAOLO",DNP,0,0,0,0,0,0,0,0,0,0,0,0,0,0,0,0,0,0,0.0,2026-09-29,RS,MIL,VIR,,,,,,,,,0
2026,9,0,P001844   ,0,0.0,VIR,23,"HACKETT, DANIEL",15:05,0,0,0,0,1,0,0,1,3,4,1,0,1,0,0,2,0,1,-10.0,2026-09-25,RS,ULK,VIR,15.083333333333334,,,,,,,,0
2026,16,0,P001844   ,0,1.0,VIR,23,"HACKETT, DANIEL",08:30,0,0,1,0,0,0,0,1,0,1,1,0,1,0,0,3,0,-3,-7.0,2026-09-29,RS,MIL,VIR,8.5,,,,,,,,0
2026,23,1,P001844   ,0,0.0,VIR,23,"HACKETT, DANIEL",13:24,2,0,0,0,1,2,2,2,0,2,1,1,0,0,0,3,1,3,-18.0,2026-10-01,RS,VIR,OLY,13.4,-1.0,11.791666666666668,0.0,-1.0,11.791666666666668,4.0,1.6083333333333325,0
2026,1,0,P002328   ,0,0.0,ZAL,40,"GRIGONIS, MARIUS",12:21,2,1,4,0,1,0,0,0,0,0,2,0,1,1,0,1,1,0,9.0,2026-09-24,RS,RED,ZAL,12.35,,,,,,,,0
2026,14,1,P002328   ,0,1.0,ZAL,40,"GRIGONIS, MARIUS",18:43,9,0,0,3,7,0,0,2,3,5,2,2,0,0,0,2,0,12,11.0,2026-09-29,RS,ZAL,OLY,18.716666666666665,,,,,,,,0
2026,24,0,P002328   ,0,1.0,ZAL,40,"GRIGONIS, MARIUS",18:18,6,2,2,0,3,2,2,0,2,2,2,0,2,0,0,1,2,6,2.0,2026-10-01,RS,PRS,ZAL,18.3,6.0,15.533333333333331,0.0,6.0,15.533333333333331,0.0,2.7666666666666693,0
2026,1,0,P002329   ,0,1.0,ZAL,92,"ULANOVAS, EDGARAS",16:20,6,0,1,0,1,6,8,0,1,1,0,0,1,0,0,1,6,7,-7.0,2026-09-24,RS,RED,ZAL,16.333333333333332,,,,,,,,0
2026,14,1,P002329   ,0,0.0,ZAL,92,"ULANOVAS, EDGARAS",09:34,0,0,0,0,1,0,0,0,1,1,4,1,0,0,0,2,1,4,7.0,2026-09-29,RS,ZAL,OLY,9.566666666666666,,,,,,,,0
2026,24,0,P002329   ,0,1.0,ZAL,92,"ULANOVAS, EDGARAS",19:44,5,0,1,0,1,5,6,2,2,4,2,1,0,0,0,2,5,12,4.0,2026-10-01,RS,PRS,ZAL,19.733333333333334,5.5,12.95,0.0,5.5,12.95,6.5,6.783333333333335,0
2026,3,1,P002580   ,1,1.0,HTA,22,"MICIC, VASILIJE",26:20,14,2,8,1,5,7,7,0,2,2,3,0,3,0,1,4,5,6,6.0,2026-09-24,RS,HTA,MUN,26.333333333333332,,,,,,,,0
2026,12,0,P002580   ,1,0.0,HTA,22,"MICIC, VASILIJE",32:15,11,1,3,3,14,0,2,0,6,6,4,0,1,0,1,3,4,5,-7.0,2026-09-29,RS,RED,HTA,32.25,,,,,,,,0
2026,22,1,P002580   ,1,1.0,HTA,22,"MICIC, VASILIJE",33:14,22,6,8,2,8,4,5,0,0,0,3,0,3,0,1,3,7,16,2.0,2026-10-01,RS,HTA,MAD,33.233333333333334,5.5,29.291666666666664,1.0,5.5,29.291666666666664,10.5,3.94166666666667,0
2026,1,0,P002676   ,1,1.0,ZAL,51,"BUTKEVICIUS, ARNAS",24:23,0,0,0,0,0,0,0,4,2,6,1,2,0,0,0,4,1,6,6.0,2026-09-24,RS,RED,ZAL,24.383333333333333,,,,,,,,0
2026,14,1,P002676   ,1,0.0,ZAL,51,"BUTKEVICIUS, ARNAS",12:27,7,2,2,1,2,0,0,0,1,1,1,1,0,0,0,3,1,7,2.0,2026-09-29,RS,ZAL,OLY,12.45,,,,,,,,0
2026,24,0,P002676   ,1,0.0,ZAL,51,"BUTKEVICIUS, ARNAS",18:39,2,1,1,0,0,0,0,1,4,5,0,0,1,0,0,1,0,5,-11.0,2026-10-01,RS,PRS,ZAL,18.65,6.5,18.416666666666664,1.0,6.5,18.416666666666664,-1.5,0.23333333333333428,0
2026,9,1,P002849   ,0,1.0,ULK,4,"MELLI, NICOLO",24:56,4,2,4,0,1,0,0,1,4,5,1,2,2,3,1,3,2,8,5.0,2026-09-25,RS,ULK,VIR,24.933333333333334,,,,,,,,0
2026,17,1,P002849   ,0,0.0,ULK,4,"MELLI, NICOLO",18:34,11,1,1,3,4,0,0,0,3,3,1,0,0,0,0,1,1,14,4.0,2026-09-29,RS,ULK,MUN,18.566666666666666,,,,,,,,0
2026,3,1,P002939   ,0,0.0,HTA,13,"SATORANSKY, TOMAS",15:55,0,0,1,0,0,0,0,0,2,2,1,0,1,0,0,1,0,0,-15.0,2026-09-24,RS,HTA,MUN,15.916666666666666,,,,,,,,0
2026,12,0,P002939   ,1,1.0,HTA,13,"SATORANSKY, TOMAS",22:19,8,2,4,1,1,1,2,1,2,3,3,0,0,0,0,4,1,8,-5.0,2026-09-29,RS,RED,HTA,22.316666666666666,,,,,,,,0
2026,22,1,P002939   ,1,1.0,HTA,13,"SATORANSKY, TOMAS",26:01,9,1,3,2,3,1,2,1,2,3,5,0,2,0,1,2,1,9,1.0,2026-10-01,RS,HTA,MAD,26.016666666666666,4.0,19.116666666666667,0.5,4.0,19.116666666666667,5.0,6.899999999999999,0
2026,9,1,P002968   ,1,0.0,ULK,5,"SANLI, SERTAC",10:01,5,0,0,1,3,2,2,0,3,3,0,0,0,0,0,3,1,4,4.0,2026-09-25,RS,ULK,VIR,10.016666666666667,,,,,,,,0
2026,17,1,P002968   ,1,1.0,ULK,5,"SANLI, SERTAC",13:54,10,2,3,2,4,0,0,0,1,1,1,0,0,0,1,2,0,6,17.0,2026-09-29,RS,ULK,MUN,13.9,,,,,,,,0
2026,14,0,P003048   ,0,0.0,OLY,42,"DUNSTON, BRYANT",DNP,0,0,0,0,0,0,0,0,0,0,0,0,0,0,0,0,0,0,0.0,2026-09-29,RS,ZAL,OLY,,,,,,,,,0
2026,23,0,P003048   ,0,1.0,OLY,42,"DUNSTON, BRYANT",18:29,6,3,4,0,0,0,0,1,1,2,3,0,0,0,1,3,1,7,11.0,2026-10-01,RS,VIR,OLY,18.483333333333334,,,,,,,,0
2026,8,1,P003091   ,0,0.0,BES,11,"BIRSEN, METECAN",DNP,0,0,0,0,0,0,0,0,0,0,0,0,0,0,0,0,0,0,0.0,2026-09-25,RS,BES,PAM,,,,,,,,,0
2026,19,0,P003091   ,0,0.0,BES,11,"BIRSEN, METECAN",08:20,0,0,0,0,1,0,0,1,2,3,1,0,0,0,0,1,0,2,10.0,2026-09-30,RS,TEL,BES,8.333333333333334,,,,,,,,0
2026,4,0,P003112   ,1,1.0,IST,5,"SARIC, DARIO",29:19,17,3,3,1,4,8,9,0,5,5,2,0,1,0,0,0,7,26,-6.0,2026-09-24,RS,BAR,IST,29.316666666666666,,,,,,,,0
2026,11,1,P003112   ,1,1.0,IST,5,"SARIC, DARIO",22:04,10,2,4,1,3,3,3,1,2,3,4,0,2,0,0,3,2,10,11.0,2026-09-29,RS,IST,MAD,22.066666666666666,,,,,,,,0
2026,21,0,P003112   ,1,1.0,IST,5,"SARIC, DARIO",24:19,13,5,7,0,1,3,5,1,9,10,1,1,3,0,1,4,6,18,-2.0,2026-10-01,RS,RED,IST,24.316666666666666,18.0,25.691666666666666,1.0,18.0,25.691666666666666,0.0,-1.375,0
2026,2,1,P003458   ,0,0.0,DUB,8,"BERTANS, DAVIS",10:56,3,0,0,1,2,0,0,0,0,0,0,1,0,0,0,2,0,1,-19.0,2026-09-24,RS,DUB,MAD,10.933333333333334,,,,,,,,0
2026,13,1,P003458   ,0,0.0,DUB,8,"BERTANS, DAVIS",13:46,3,0,0,1,3,0,0,0,2,2,0,0,0,0,0,1,1,3,0.0,2026-09-29,RS,DUB,BAR,13.766666666666667,,,,,,,,0
2026,5,0,P003469   ,1,0.0,OLY,14,"VEZENKOV, SASHA",19:00,22,8,9,0,1,6,6,1,4,5,1,0,1,0,0,0,5,30,12.0,2026-09-24,RS,BAS,OLY,19.0,,,,,,,,0
2026,14,0,P003469   ,1,1.0,OLY,14,"VEZENKOV, SASHA",24:39,18,8,10,0,0,2,3,3,5,8,1,1,1,0,0,0,2,26,1.0,2026-09-29,RS,ZAL,OLY,24.65,,,,,,,,0
2026,23,0,P003469   ,1,0.0,OLY,14,"VEZENKOV, SASHA",26:37,20,6,9,2,5,2,2,2,4,6,0,1,0,0,0,0,2,23,-12.0,2026-10-01,RS,VIR,OLY,26.616666666666667,28.0,21.825,1.0,28.0,21.825,-5.0,4.791666666666668,1
2026,6,1,P003526   ,0,1.0,ASV,23,"LIGHTY, DAVID",15:52,10,1,2,2,3,2,2,0,0,0,1,0,0,0,0,0,2,11,8.0,2026-09-24,RS,ASV,TEL,15.866666666666667,,,,,,,,0
2026,20,0,P003526   ,0,1.0,ASV,23,"LIGHTY, DAVID",16:18,11,1,1,3,4,0,0,1,0,1,1,2,0,0,1,2,1,12,3.0,2026-09-30,RS,PAN,ASV,16.3,,,,,,,,0
2026,2,0,P003733   ,1,0.0,MAD,6,"ABALDE, ALBERTO",14:46,3,0,3,1,2,0,0,0,0,0,1,0,0,0,0,1,0,-1,-3.0,2026-09-24,RS,DUB,MAD,14.766666666666667,,,,,,,,0
2026,11,0,P003733   ,0,0.0,MAD,6,"ABALDE, ALBERTO",12:11,3,0,1,1,1,0,0,1,2,3,3,0,0,0,0,2,0,6,-3.0,2026-09-29,RS,IST,MAD,12.183333333333334,,,,,,,,0
2026,22,0,P003733   ,0,1.0,MAD,6,"ABALDE, ALBERTO",07:49,2,1,1,0,0,0,0,0,1,1,0,0,0,0,0,1,0,2,2.0,2026-10-01,RS,HTA,MAD,7.816666666666666,2.5,13.475000000000001,0.5,2.5,13.475000000000001,-0.5,-5.658333333333335,0
2026,8,1,P003783   ,0,0.0,BES,6,"UGURLU, BERK",05:14,3,0,0,1,1,0,0,0,0,0,2,0,0,0,0,0,1,6,15.0,2026-09-25,RS,BES,PAM,5.233333333333333,,,,,,,,0
2026,19,0,P003783   ,0,1.0,BES,6,"UGURLU, BERK",14:59,2,1,1,0,1,0,0,0,0,0,1,0,3,0,0,0,0,-1,-3.0,2026-09-30,RS,TEL,BES,14.983333333333333,,,,,,,,0
2026,7,1,P003842   ,0,0.0,PAN,26,"LESSORT, MATHIAS",21:53,15,2,7,0,0,11,12,3,6,9,2,2,4,3,1,2,9,27,13.0,2026-09-24,RS,PAN,PRS,21.883333333333333,,,,,,,,0
2026,20,1,P003842   ,0,0.0,PAN,26,"LESSORT, MATHIAS",20:57,12,3,6,0,0,6,10,3,5,8,3,0,0,2,0,3,7,22,8.0,2026-09-30,RS,PAN,ASV,20.95,,,,,,,,0
2026,5,0,P003941   ,0,1.0,OLY,33,"MILUTINOV, NIKOLA",09:06,2,0,0,0,0,2,2,0,2,2,0,0,0,0,0,2,1,3,-4.0,2026-09-24,RS,BAS,OLY,9.1,,,,,,,,0
2026,3,0,P003958   ,0,1.0,MUN,32,"THIEMANN, JOHANNES",19:02,15,5,6,0,2,5,6,2,5,7,1,0,2,0,0,2,5,20,4.0,2026-09-24,RS,HTA,MUN,19.033333333333335,,,,,,,,0
2026,17,0,P003958   ,0,1.0,MUN,32,"THIEMANN, JOHANNES",16:54,5,2,4,0,2,1,1,2,3,5,1,0,0,0,0,0,3,10,-18.0,2026-09-29,RS,ULK,MUN,16.9,,,,,,,,0
2026,10,0,P004004   ,1,0.0,MIL,23,"GUDURIC, MARKO",29:20,17,4,7,3,6,0,0,0,3,3,5,0,2,0,1,1,0,15,-20.0,2026-09-25,RS,PAR,MIL,29.333333333333332,,,,,,,,0
2026,16,1,P004004   ,1,1.0,MIL,23,"GUDURIC, MARKO",26:34,14,4,5,2,7,0,0,3,1,4,2,1,0,0,1,3,2,13,-3.0,2026-09-29,RS,MIL,VIR,26.566666666666666,,,,,,,,0
2026,1,1,P004007   ,0,0.0,RED,13,"DOBRIC, OGNJEN",04:45,0,0,0,0,1,0,0,1,0,1,0,0,0,0,0,1,0,-1,7.0,2026-09-24,RS,RED,ZAL,4.75,,,,,,,,0
2026,12,1,P004007   ,0,0.0,RED,13,"DOBRIC, OGNJEN",10:36,5,1,2,1,2,0,0,0,0,0,0,0,1,0,0,2,1,1,2.0,2026-09-29,RS,RED,HTA,10.6,,,,,,,,0
2026,21,1,P004007   ,1,0.0,RED,13,"DOBRIC, OGNJEN",21:25,10,3,6,1,6,1,2,2,5,7,1,4,0,0,0,2,3,14,4.0,2026-10-01,RS,RED,IST,21.416666666666668,0.0,7.675,0.0,0.0,7.675,14.0,13.741666666666667,0
2026,6,0,P004132   ,0,0.0,TEL,23,"THEIS, DANIEL",16:49,9,2,2,0,1,5,6,1,2,3,0,1,4,0,0,2,4,9,-3.0,2026-09-24,RS,ASV,TEL,16.816666666666666,,,,,,,,0
2026,19,1,P004132   ,1,1.0,TEL,23,"THEIS, DANIEL",20:23,9,0,2,1,1,6,6,1,1,2,1,2,1,0,0,2,5,14,3.0,2026-09-30,RS,TEL,BES,20.383333333333333,,,,,,,,0
2026,3,0,P004508   ,1,0.0,MUN,13,"OBST, ANDREAS",27:48,19,4,5,3,6,2,3,0,2,2,2,0,0,0,0,2,3,19,6.0,2026-09-24,RS,HTA,MUN,27.8,,,,,,,,0
2026,17,0,P004508   ,1,1.0,MUN,13,"OBST, ANDREAS",21:38,8,0,0,2,3,2,2,0,0,0,0,0,1,0,1,2,2,5,-19.0,2026-09-29,RS,ULK,MUN,21.633333333333333,,,,,,,,0
2026,8,1,P004554   ,1,0.0,BES,41,"ZIZIC, ANTE",15:48,4,1,1,0,0,2,3,4,3,7,0,1,0,0,0,0,3,14,-16.0,2026-09-25,RS,BES,PAM,15.8,,,,,,,,0
2026,19,0,P004554   ,1,1.0,BES,41,"ZIZIC, ANTE",22:22,9,4,5,0,0,1,3,2,2,4,2,0,1,0,1,3,2,9,9.0,2026-09-30,RS,TEL,BES,22.366666666666667,,,,,,,,0
2026,3,1,P004846   ,0,0.0,HTA,10,"TIMOR, BAR",DNP,0,0,0,0,0,0,0,0,0,0,0,0,0,0,0,0,0,0,0.0,2026-09-24,RS,HTA,MUN,,,,,,,,,0
2026,12,0,P004846   ,0,0.0,HTA,10,"TIMOR, BAR",DNP,0,0,0,0,0,0,0,0,0,0,0,0,0,0,0,0,0,0,0.0,2026-09-29,RS,RED,HTA,,,,,,,,,0
2026,22,1,P004846   ,0,0.0,HTA,10,"TIMOR, BAR",DNP,0,0,0,0,0,0,0,0,0,0,0,0,0,0,0,0,0,0,0.0,2026-10-01,RS,HTA,MAD,,0.0,,0.0,0.0,,0.0,,0
2026,9,1,P004888   ,0,0.0,ULK,21,"CLYBURN, WILL",19:06,8,2,5,0,3,4,4,0,3,3,1,2,0,0,1,0,3,10,7.0,2026-09-25,RS,ULK,VIR,19.1,,,,,,,,0
2026,17,1,P004888   ,0,0.0,ULK,21,"CLYBURN, WILL",18:09,7,1,2,1,4,2,2,0,1,1,2,1,1,0,0,2,3,7,3.0,2026-09-29,RS,ULK,MUN,18.15,,,,,,,,0
2026,4,0,P005368   ,0,0.0,IST,4,"YUSTA, SANTI",08:46,4,2,3,0,0,0,0,2,0,2,0,0,0,0,0,2,0,3,-6.0,2026-09-24,RS,BAR,IST,8.766666666666667,,,,,,,,0
2026,11,1,P005368   ,0,0.0,IST,4,"YUSTA, SANTI",07:18,3,0,1,1,1,0,0,0,0,0,1,0,0,0,1,1,0,1,15.0,2026-09-29,RS,IST,MAD,7.3,,,,,,,,0
2026,21,0,P005368   ,0,0.0,IST,4,"YUSTA, SANTI",08:56,0,0,0,0,0,0,0,0,0,0,0,0,2,0,0,1,0,-3,-1.0,2026-10-01,RS,RED,IST,8.933333333333334,2.0,8.033333333333333,0.0,2.0,8.033333333333333,-5.0,0.9000000000000004,0
2026,10,1,P005637   ,0,0.0,PAR,10,"TANASKOVIC, NIKOLA",23:02,7,3,6,0,0,1,2,4,2,6,0,1,0,0,1,1,1,9,9.0,2026-09-25,RS,PAR,MIL,23.033333333333335,,,,,,,,0
2026,18,0,P005637   ,1,0.0,PAR,10,"TANASKOVIC, NIKOLA",19:07,9,3,4,0,0,3,4,1,1,2,1,1,0,0,1,1,3,12,3.0,2026-09-29,RS,PRS,PAR,19.116666666666667,,,,,,,,0
2026,10,0,P005670   ,0,1.0,MIL,21,"FLACCADORI, DIEGO",03:22,0,0,0,0,0,0,0,0,0,0,0,0,1,0,0,0,0,-1,1.0,2026-09-25,RS,PAR,MIL,3.3666666666666667,,,,,,,,0
2026,5,1,P005713   ,1,0.0,BAS,7,"KURUCS, RODIONS",21:21,5,1,5,1,2,0,0,2,2,4,5,4,2,0,0,4,1,8,2.0,2026-09-24,RS,BAS,OLY,21.35,,,,,,,,0
2026,15,0,P005713   ,1,0.0,BAS,7,"KURUCS, RODIONS",15:05,0,0,0,0,2,0,0,1,7,8,3,0,3,0,0,5,2,3,-2.0,2026-09-29,RS,PAM,BAS,15.083333333333334,,,,,,,,0
2026,19,0,P005763   ,0,0.0,BES,30,"KORKMAZ, FURKAN",10:54,11,1,1,2,3,3,4,0,1,1,0,0,0,0,0,1,2,11,6.0,2026-09-30,RS,TEL,BES,10.9,,,,,,,,0
2026,2,0,P005791   ,1,1.0,MAD,22,"TAVARES, WALTER",21:03,8,4,7,0,0,0,0,2,2,4,0,1,2,1,2,4,2,5,9.0,2026-09-24,RS,DUB,MAD,21.05,,,,,,,,0
2026,11,0,P005791   ,1,0.0,MAD,22,"TAVARES, WALTER",22:04,8,4,4,0,0,0,0,2,5,7,0,1,3,2,0,1,0,14,-8.0,2026-09-29,RS,IST,MAD,22.066666666666666,,,,,,,,0
2026,22,0,P005791   ,1,0.0,MAD,22,"TAVARES, WALTER",27:29,14,4,4,0,0,6,7,3,10,13,0,0,3,1,0,3,6,27,4.0,2026-10-01,RS,HTA,MAD,27.483333333333334,9.5,21.558333333333334,1.0,9.5,21.558333333333334,17.5,5.925000000000001,0
2026,18,0,P005793   ,0,0.0,PAR,95,"SY, BANDJA",02:52,0,0,0,0,0,0,0,0,0,0,0,0,0,0,0,0,0,0,0.0,2026-09-29,RS,PRS,PAR,2.8666666666666667,,,,,,,,0
2026,2,0,P005928   ,1,1.0,MAD,7,"CAMPAZZO, FACUNDO",17:42,6,2,5,0,3,2,2,0,2,2,2,1,1,0,0,1,4,7,-1.0,2026-09-24,RS,DUB,MAD,17.7,,,,,,,,0
2026,11,0,P005928   ,1,1.0,MAD,7,"CAMPAZZO, FACUNDO",22:55,16,4,6,2,4,2,2,2,1,3,3,0,5,0,0,0,3,16,-11.0,2026-09-29,RS,IST,MAD,22.916666666666668,,,,,,,,0
2026,22,0,P005928   ,1,1.0,MAD,7,"CAMPAZZO, FACUNDO",18:14,3,0,2,1,4,0,0,1,1,2,7,0,1,0,0,3,5,8,-11.0,2026-10-01,RS,HTA,MAD,18.233333333333334,11.5,20.308333333333334,1.0,11.5,20.308333333333334,-3.5,-2.0749999999999993,0
2026,4,0,P005985   ,1,1.0,IST,55,"JAMES, MIKE",31:50,22,6,10,1,3,7,8,0,4,4,5,0,5,1,0,3,6,23,1.0,2026-09-24,RS,BAR,IST,31.833333333333332,,,,,,,,0
2026,11,1,P005985   ,1,1.0,IST,55,"JAMES, MIKE",31:20,12,4,9,1,5,1,2,0,2,2,4,3,1,0,0,2,5,13,10.0,2026-09-29,RS,IST,MAD,31.333333333333332,,,,,,,,0
2026,21,0,P005985   ,1,0.0,IST,55,"JAMES, MIKE",22:30,11,4,9,0,4,3,3,0,1,1,3,0,2,0,0,2,2,4,2.0,2026-10-01,RS,RED,IST,22.5,18.0,31.583333333333332,1.0,18.0,31.583333333333332,-14.0,-9.083333333333332,1
2026,4,0,P006372   ,0,0.0,IST,33,"YILMAZ, ERKAN",DNP,0,0,0,0,0,0,0,0,0,0,0,0,0,0,0,0,0,0,0.0,2026-09-24,RS,BAR,IST,,,,,,,,,0
2026,11,1,P006372   ,0,0.0,IST,33,"YILMAZ, ERKAN",DNP,0,0,0,0,0,0,0,0,0,0,0,0,0,0,0,0,0,0,0.0,2026-09-29,RS,IST,MAD,,,,,,,,,0
2026,21,0,P006372   ,0,0.0,IST,33,"YILMAZ, ERKAN",DNP,0,0,0,0,0,0,0,0,0,0,0,0,0,0,0,0,0,0,0.0,2026-10-01,RS,RED,IST,,0.0,,0.0,0.0,,0.0,,0
2026,1,1,P006482   ,0,1.0,RED,44,"KRAMER, DAVID",19:39,11,0,2,3,5,2,2,0,4,4,1,1,0,0,0,4,1,10,-3.0,2026-09-24,RS,RED,ZAL,19.65,,,,,,,,0
2026,12,1,P006482   ,0,0.0,RED,44,"KRAMER, DAVID",09:21,0,0,1,0,1,0,0,0,1,1,0,0,1,0,0,2,0,-4,-8.0,2026-09-29,RS,RED,HTA,9.35,,,,,,,,0
2026,21,1,P006482   ,0,1.0,RED,44,"KRAMER, DAVID",19:50,9,2,2,1,2,2,2,0,4,4,1,0,2,0,0,3,0,8,0.0,2026-10-01,RS,RED,IST,19.833333333333332,3.0,14.5,0.0,3.0,14.5,5.0,5.333333333333332,0
2026,10,0,P006509   ,0,0.0,MIL,7,"TONUT, STEFANO",DNP,0,0,0,0,0,0,0,0,0,0,0,0,0,0,0,0,0,0,0.0,2026-09-25,RS,PAR,MIL,,,,,,,,,0
2026,16,1,P006509   ,0,0.0,MIL,7,"TONUT, STEFANO",DNP,0,0,0,0,0,0,0,0,0,0,0,0,0,0,0,0,0,0,0.0,2026-09-29,RS,MIL,VIR,,,,,,,,,0
2026,7,1,P006544   ,0,0.0,PAN,6,"MORAITIS, DIMITRIS",DNP,0,0,0,0,0,0,0,0,0,0,0,0,0,0,0,0,0,0,0.0,2026-09-24,RS,PAN,PRS,,,,,,,,,0
2026,20,1,P006544   ,0,1.0,PAN,6,"MORAITIS, DIMITRIS",11:34,2,1,1,0,2,0,0,0,0,0,1,1,3,0,0,2,0,-3,-9.0,2026-09-30,RS,PAN,ASV,11.566666666666666,,,,,,,,0
2026,18,1,P006591   ,0,0.0,PRS,5,"NTILIKINA, FRANK",10:03,3,0,1,1,3,0,0,0,2,2,0,1,1,0,0,3,0,-1,-1.0,2026-09-29,RS,PRS,PAR,10.05,,,,,,,,0
2026,8,0,P006643   ,0,0.0,PAM,2,"PUERTO, JOSEP",11:19,0,0,0,0,0,0,0,0,1,1,1,0,1,0,0,0,0,1,-10.0,2026-09-25,RS,BES,PAM,11.316666666666666,,,,,,,,0
2026,15,1,P006643   ,0,0.0,PAM,2,"PUERTO, JOSEP",17:00,13,1,2,3,5,2,2,1,1,2,0,0,0,1,0,2,2,13,0.0,2026-09-29,RS,PAM,BAS,17.0,,,,,,,,0
2026,8,1,P006661   ,0,1.0,BES,12,"WILBEKIN, SCOTTIE",24:10,12,3,6,2,6,0,1,0,1,1,5,1,0,0,0,2,4,13,-3.0,2026-09-25,RS,BES,PAM,24.166666666666668,,,,,,,,0
2026,19,0,P006661   ,0,1.0,BES,12,"WILBEKIN, SCOTTIE",22:51,20,3,4,4,5,2,3,0,1,1,3,0,1,0,0,4,2,18,9.0,2026-09-30,RS,TEL,BES,22.85,,,,,,,,0
2026,9,0,P006707   ,0,0.0,VIR,11,"BALDASSO, TOMMASO",DNP,0,0,0,0,0,0,0,0,0,0,0,0,0,0,0,0,0,0,0.0,2026-09-25,RS,ULK,VIR,,,,,,,,,0
2026,16,0,P006707   ,0,0.0,VIR,11,"BALDASSO, TOMMASO",12:58,6,3,3,0,1,0,0,0,2,2,3,0,1,0,0,1,0,8,-2.0,2026-09-29,RS,MIL,VIR,12.966666666666667,,,,,,,,0
2026,23,1,P006707   ,0,0.0,VIR,11,"BALDASSO, TOMMASO",04:54,0,0,0,0,3,0,0,0,1,1,0,0,1,0,0,0,0,-3,-2.0,2026-10-01,RS,VIR,OLY,4.9,4.0,,0.0,4.0,,-7.0,,0
2026,10,1,P006739   ,0,1.0,PAR,66,"PAJOLA, ALESSANDRO",20:31,7,1,2,1,3,2,2,0,4,4,3,2,2,0,0,1,3,13,6.0,2026-09-25,RS,PAR,MIL,20.516666666666666,,,,,,,,0
2026,18,0,P006739   ,0,1.0,PAR,66,"PAJOLA, ALESSANDRO",19:56,6,0,0,2,3,0,0,0,2,2,5,2,2,0,0,4,2,10,2.0,2026-09-29,RS,PRS,PAR,19.933333333333334,,,,,,,,0
2026,7,1,P006760   ,0,0.0,PAN,32,"BONGA, ISAAC",16:56,5,2,2,0,2,1,1,1,1,2,1,0,3,0,0,3,1,1,3.0,2026-09-24,RS,PAN,PRS,16.933333333333334,,,,,,,,0
2026,20,1,P006760   ,0,1.0,PAN,32,"BONGA, ISAAC",18:09,2,1,2,0,1,0,0,1,2,3,0,1,1,0,0,0,0,3,13.0,2026-09-30,RS,PAN,ASV,18.15,,,,,,,,0
2026,6,1,P006832   ,0,0.0,ASV,35,"PONS, YVES",11:48,9,1,1,2,3,1,1,2,0,2,0,1,0,0,0,1,1,11,10.0,2026-09-24,RS,ASV,TEL,11.8,,,,,,,,0
2026,20,0,P006832   ,0,0.0,ASV,35,"PONS, YVES",08:13,2,1,1,0,1,0,0,0,0,0,0,0,0,0,0,5,0,-4,-8.0,2026-09-30,RS,PAN,ASV,8.216666666666667,,,,,,,,0
2026,2,0,P006833   ,0,0.0,MAD,33,"SARR, OLIVIER",04:08,4,1,1,0,0,2,3,1,1,2,0,0,0,0,0,0,2,7,-3.0,2026-09-24,RS,DUB,MAD,4.133333333333334,,,,,,,,0
2026,6,0,P006835   ,1,1.0,TEL,1,"HOARD, JAYLEN",28:33,15,6,7,1,4,0,0,2,4,6,0,3,1,0,0,3,4,20,-10.0,2026-09-24,RS,ASV,TEL,28.55,,,,,,,,0
2026,19,1,P006835   ,1,0.0,TEL,1,"HOARD, JAYLEN",27:19,8,3,4,0,1,2,4,0,3,3,2,1,2,1,0,1,2,10,-17.0,2026-09-30,RS,TEL,BES,27.316666666666666,,,,,,,,0
2026,9,1,P006896   ,0,0.0,ULK,43,"SARGIUNAS, IGNAS",16:19,6,2,2,0,2,2,2,0,1,1,0,0,1,0,0,1,1,4,6.0,2026-09-25,RS,ULK,VIR,16.316666666666666,,,,,,,,0
2026,17,1,P006896   ,0,1.0,ULK,43,"SARGIUNAS, IGNAS",17:19,9,3,4,1,1,0,0,1,1,2,5,1,1,0,0,1,0,14,24.0,2026-09-29,RS,ULK,MUN,17.316666666666666,,,,,,,,0
2026,24,1,P006904   ,0,0.0,PRS,11,"AYAYI, JOEL",11:49,4,2,2,0,0,0,0,1,1,2,1,0,0,1,0,1,0,7,-10.0,2026-10-01,RS,PRS,ZAL,11.816666666666666,,,,,,,,0
2026,2,0,P007027   ,0,0.0,MAD,12,"MALEDON, THEO",22:18,11,4,8,0,1,3,4,0,4,4,6,1,0,1,1,3,3,16,0.0,2026-09-24,RS,DUB,MAD,22.3,,,,,,,,0
2026,11,0,P007027   ,0,1.0,MAD,12,"MALEDON, THEO",20:27,9,2,3,0,3,5,6,2,2,4,5,0,4,0,1,2,6,12,-6.0,2026-09-29,RS,IST,MAD,20.45,,,,,,,,0
2026,22,0,P007027   ,1,1.0,MAD,12,"MALEDON, THEO",25:39,26,8,11,1,1,7,7,2,3,5,7,0,1,1,0,1,6,40,9.0,2026-10-01,RS,HTA,MAD,25.65,14.0,21.375,0.0,14.0,21.375,26.0,4.274999999999999,0
2026,14,1,P007029   ,0,0.0,ZAL,91,"SIRVYDIS, DEIVIDAS",03:51,5,1,2,1,1,0,0,0,0,0,0,0,2,0,1,0,0,1,-3.0,2026-09-29,RS,ZAL,OLY,3.85,,,,,,,,0
2026,24,0,P007029   ,0,0.0,ZAL,91,"SIRVYDIS, DEIVIDAS",DNP,0,0,0,0,0,0,0,0,0,0,0,0,0,0,0,0,0,0,0.0,2026-10-01,RS,PRS,ZAL,,,,,,,,,0
2026,1,0,P007032   ,0,0.0,ZAL,12,"LO, MAODO",11:46,3,0,1,1,2,0,0,0,4,4,3,0,3,0,1,1,1,4,4.0,2026-09-24,RS,RED,ZAL,11.766666666666667,,,,,,,,0
2026,14,1,P007032   ,0,0.0,ZAL,12,"LO, MAODO",14:13,0,0,1,0,3,0,0,1,2,3,1,0,2,0,0,2,0,-4,1.0,2026-09-29,RS,ZAL,OLY,14.216666666666667,,,,,,,,0
2026,24,0,P007032   ,0,0.0,ZAL,12,"LO, MAODO",20:57,2,1,5,0,3,0,0,0,0,0,4,1,0,0,2,1,3,0,5.0,2026-10-01,RS,PRS,ZAL,20.95,0.0,12.991666666666667,0.0,0.0,12.991666666666667,0.0,7.958333333333332,0
2026,10,0,P007056   ,0,0.0,MIL,31,"BOOKER, DEVIN",10:23,9,3,5,1,2,0,0,1,2,3,0,0,1,0,0,2,0,6,-10.0,2026-09-25,RS,PAR,MIL,10.383333333333333,,,,,,,,0
2026,16,1,P007056   ,0,0.0,MIL,31,"BOOKER, DEVIN",13:51,3,1,3,0,0,1,2,0,6,6,1,1,1,0,0,2,2,7,1.0,2026-09-29,RS,MIL,VIR,13.85,,,,,,,,0
2026,3,0,P007201   ,0,1.0,MUN,7,"VOIGTMANN, JOHANNES",19:04,10,1,1,2,3,2,2,2,3,5,3,0,0,0,0,1,1,17,7.0,2026-09-24,RS,HTA,MUN,19.066666666666666,,,,,,,,0
2026,17,0,P007201   ,0,0.0,MUN,7,"VOIGTMANN, JOHANNES",15:28,1,0,0,0,0,1,2,1,4,5,2,0,0,0,0,0,1,8,8.0,2026-09-29,RS,ULK,MUN,15.466666666666667,,,,,,,,0
2026,5,1,P007230   ,1,0.0,BAS,8,"SEDEKERSKIS, TADAS",20:01,15,3,4,3,3,0,0,0,2,2,0,0,0,0,1,3,2,14,6.0,2026-09-24,RS,BAS,OLY,20.016666666666666,,,,,,,,0
2026,15,0,P007230   ,1,0.0,BAS,8,"SEDEKERSKIS, TADAS",22:08,16,8,8,0,3,0,0,3,4,7,0,0,0,0,0,1,0,19,-23.0,2026-09-29,RS,PAM,BAS,22.133333333333333,,,,,,,,0
2026,4,1,P007464   ,1,1.0,BAR,44,"PARRA, JOEL",26:45,5,1,4,1,6,0,0,0,2,2,3,0,0,1,1,3,1,0,-3.0,2026-09-24,RS,BAR,IST,26.75,,,,,,,,0
2026,13,0,P007464   ,1,1.0,BAR,44,"PARRA, JOEL",27:01,8,1,4,2,4,0,0,1,2,3,1,1,0,0,2,1,2,7,-2.0,2026-09-29,RS,DUB,BAR,27.016666666666666,,,,,,,,0
2026,1,0,P007513   ,0,0.0,ZAL,9,"GIEDRAITIS, DOVYDAS",02:05,0,0,0,0,0,0,0,0,0,0,0,0,1,0,0,0,1,0,2.0,2026-09-24,RS,RED,ZAL,2.0833333333333335,,,,,,,,0
2026,14,1,P007513   ,1,0.0,ZAL,9,"GIEDRAITIS, DOVYDAS",18:10,0,0,0,0,1,0,0,0,1,1,2,0,2,0,0,2,0,-2,-11.0,2026-09-29,RS,ZAL,OLY,18.166666666666668,,,,,,,,0
2026,24,0,P007513   ,1,0.0,ZAL,9,"GIEDRAITIS, DOVYDAS",13:41,0,0,3,0,0,0,0,1,1,2,1,0,0,0,0,2,1,-1,-9.0,2026-10-01,RS,PRS,ZAL,13.683333333333334,-1.0,10.125,0.5,-1.0,10.125,0.0,3.5583333333333336,0
2026,3,0,P007519   ,0,0.0,MUN,31,"JOKUBAITIS, ROKAS",18:36,6,2,7,0,0,2,2,0,1,1,6,1,1,0,1,1,2,8,-14.0,2026-09-24,RS,HTA,MUN,18.6,,,,,,,,0
2026,17,0,P007519   ,0,1.0,MUN,31,"JOKUBAITIS, ROKAS",19:04,12,2,3,1,4,5,7,0,1,1,3,0,0,0,1,1,5,13,-18.0,2026-09-29,RS,ULK,MUN,19.066666666666666,,,,,,,,0
2026,7,1,P007527   ,0,1.0,PAN,7,"BADIO, BRANCOU",20:54,4,1,3,0,0,2,2,0,3,3,2,0,2,1,0,1,2,7,9.0,2026-09-24,RS,PAN,PRS,20.9,,,,,,,,0
2026,20,1,P007527   ,0,0.0,PAN,7,"BADIO, BRANCOU",18:32,5,1,3,1,3,0,0,2,0,2,3,1,1,0,0,3,0,3,8.0,2026-09-30,RS,PAN,ASV,18.533333333333335,,,,,,,,0
2026,4,1,P007553   ,1,1.0,BAR,22,"BALCEROWSKI, OLEK",25:07,10,3,4,0,0,4,4,1,3,4,2,0,1,1,0,4,3,14,10.0,2026-09-24,RS,BAR,IST,25.116666666666667,,,,,,,,0
2026,13,0,P007553   ,1,0.0,BAR,22,"BALCEROWSKI, OLEK",20:06,10,3,5,0,0,4,4,2,1,3,2,1,0,0,0,1,2,15,-15.0,2026-09-29,RS,DUB,BAR,20.1,,,,,,,,0
2026,10,1,P007632   ,0,0.0,PAR,7,"NAKIC, MARIO",DNP,0,0,0,0,0,0,0,0,0,0,0,0,0,0,0,0,0,0,0.0,2026-09-25,RS,PAR,MIL,,,,,,,,,0
2026,18,0,P007632   ,0,0.0,PAR,7,"NAKIC, MARIO",04:20,0,0,1,0,1,0,0,0,1,1,0,0,0,0,0,1,0,-2,-7.0,2026-09-29,RS,PRS,PAR,4.333333333333333,,,,,,,,0
2026,10,1,P007736   ,0,1.0,PAR,19,"LAKIC, ARIJAN",20:55,7,0,0,2,4,1,2,0,1,1,0,0,1,0,0,3,2,3,8.0,2026-09-25,RS,PAR,MIL,20.916666666666668,,,,,,,,0
2026,18,0,P007736   ,0,1.0,PAR,19,"LAKIC, ARIJAN",20:19,3,0,0,1,4,0,0,0,1,1,2,0,1,0,0,4,3,1,9.0,2026-09-29,RS,PRS,PAR,20.316666666666666,,,,,,,,0
2026,9,1,P007831   ,1,1.0,ULK,31,"SHIELDS, SHAVON",26:49,12,4,6,0,2,4,5,0,2,2,3,1,0,0,0,2,3,14,-7.0,2026-09-25,RS,ULK,VIR,26.816666666666666,,,,,,,,0
2026,17,1,P007831   ,1,1.0,ULK,31,"SHIELDS, SHAVON",17:43,3,1,2,0,1,1,1,0,3,3,0,1,1,0,1,1,1,3,13.0,2026-09-29,RS,ULK,MUN,17.716666666666665,,,,,,,,0
2026,7,1,P007866   ,1,1.0,PAN,44,"MITOGLOU, KONSTANTINOS",18:07,11,4,7,0,1,3,3,3,3,6,0,2,1,0,1,1,2,14,6.0,2026-09-24,RS,PAN,PRS,18.116666666666667,,,,,,,,0
2026,20,1,P007866   ,1,1.0,PAN,44,"MITOGLOU, KONSTANTINOS",19:03,5,2,3,0,1,1,2,0,1,1,1,1,2,0,0,2,2,3,15.0,2026-09-30,RS,PAN,ASV,19.05,,,,,,,,0
2026,9,1,P007929   ,0,0.0,ULK,17,"BITIM, ONURALP",DNP,0,0,0,0,0,0,0,0,0,0,0,0,0,0,0,0,0,0,0.0,2026-09-25,RS,ULK,VIR,,,,,,,,,0
2026,10,1,P007947   ,0,0.0,PAR,3,"VILDOZA, LUCA",17:16,7,0,0,2,5,1,2,0,1,1,3,4,2,0,0,2,2,9,11.0,2026-09-25,RS,PAR,MIL,17.266666666666666,,,,,,,,0
2026,18,0,P007947   ,0,0.0,PAR,3,"VILDOZA, LUCA",20:24,16,6,7,1,2,1,1,0,0,0,2,6,2,1,0,2,2,21,12.0,2026-09-29,RS,PRS,PAR,20.4,,,,,,,,0
2026,7,1,P007975   ,0,0.0,PAN,3,"FRANCISCO, SYLVAIN",21:53,18,3,4,3,7,3,3,0,2,2,4,0,4,0,0,0,3,18,11.0,2026-09-24,RS,PAN,PRS,21.883333333333333,,,,,,,,0
2026,20,1,P007975   ,0,0.0,PAN,3,"FRANCISCO, SYLVAIN",19:36,19,4,5,3,5,2,3,0,2,2,3,0,0,1,0,1,5,25,8.0,2026-09-30,RS,PAN,ASV,19.6,,,,,,,,0
2026,1,0,P007982   ,1,0.0,ZAL,1,"WILLIAMS-GOSS, NIGEL",25:20,14,5,11,1,2,1,1,0,2,2,6,2,3,0,1,1,2,14,-1.0,2026-09-24,RS,RED,ZAL,25.333333333333332,,,,,,,,0
2026,6,0,P007990   ,0,0.0,TEL,12,"DIBARTOLOMEO, JOHN",07:34,0,0,0,0,1,0,0,0,0,0,0,0,1,0,0,1,0,-3,-8.0,2026-09-24,RS,ASV,TEL,7.566666666666666,,,,,,,,0
2026,7,1,P008084   ,1,1.0,PAN,72,"MANTZOUKAS, ELEFTHERIOS",23:04,10,2,2,2,5,0,0,0,4,4,1,0,1,3,0,2,0,12,16.0,2026-09-24,RS,PAN,PRS,23.066666666666666,,,,,,,,0
2026,20,1,P008084   ,1,1.0,PAN,72,"MANTZOUKAS, ELEFTHERIOS",22:29,16,2,2,4,7,0,1,2,4,6,1,0,0,0,0,1,1,19,14.0,2026-09-30,RS,PAN,ASV,22.483333333333334,,,,,,,,0
2026,4,0,P008099   ,1,1.0,IST,32,"STRAZEL, MATTHEW",23:23,12,2,5,1,4,5,5,0,2,2,3,1,2,0,1,1,3,11,-5.0,2026-09-24,RS,BAR,IST,23.383333333333333,,,,,,,,0
2026,11,1,P008099   ,1,1.0,IST,32,"STRAZEL, MATTHEW",23:32,14,1,5,2,5,6,7,0,3,3,4,1,2,0,3,3,5,11,3.0,2026-09-29,RS,IST,MAD,23.533333333333335,,,,,,,,0
2026,21,0,P008099   ,1,1.0,IST,32,"STRAZEL, MATTHEW",22:55,13,2,6,2,6,3,4,1,1,2,1,1,2,0,2,3,4,5,-3.0,2026-10-01,RS,RED,IST,22.916666666666668,11.0,23.458333333333336,1.0,11.0,23.458333333333336,-6.0,-0.5416666666666679,1
2026,5,1,P008173   ,0,0.0,BAS,10,"SPAGNOLO, MATTEO",15:31,5,1,1,0,2,3,3,2,1,3,3,0,2,0,0,2,2,7,-11.0,2026-09-24,RS,BAS,OLY,15.516666666666667,,,,,,,,0
2026,15,0,P008173   ,0,1.0,BAS,10,"SPAGNOLO, MATTEO",21:03,5,1,2,1,5,0,0,0,1,1,5,1,2,0,1,1,1,4,2.0,2026-09-29,RS,PAM,BAS,21.05,,,,,,,,0
2026,1,0,P008186   ,0,0.0,ZAL,22,"BLAZEVIC, MAREK",12:59,5,2,4,0,0,1,2,0,2,2,0,0,3,0,0,3,2,0,-1.0,2026-09-24,RS,RED,ZAL,12.983333333333333,,,,,,,,0
2026,14,1,P008186   ,0,0.0,ZAL,22,"BLAZEVIC, MAREK",15:49,4,2,5,0,0,0,0,3,2,5,0,1,1,0,1,2,0,3,-15.0,2026-09-29,RS,ZAL,OLY,15.816666666666666,,,,,,,,0
2026,24,0,P008186   ,0,0.0,ZAL,22,"BLAZEVIC, MAREK",00:47,0,0,0,0,0,0,0,0,0,0,0,0,0,0,0,0,0,0,-2.0,2026-10-01,RS,PRS,ZAL,0.7833333333333333,1.5,14.399999999999999,0.0,1.5,14.399999999999999,-1.5,-13.616666666666665,0
2026,1,0,P008192   ,1,1.0,ZAL,10,"TUBELIS, AZUOLAS",27:16,10,4,8,0,2,2,4,3,9,12,4,1,1,1,0,0,4,23,4.0,2026-09-24,RS,RED,ZAL,27.266666666666666,,,,,,,,0
2026,14,1,P008192   ,1,1.0,ZAL,10,"TUBELIS, AZUOLAS",27:05,19,9,13,0,1,1,2,3,4,7,3,1,1,0,0,3,2,22,3.0,2026-09-29,RS,ZAL,OLY,27.083333333333332,,,,,,,,0
2026,24,0,P008192   ,0,1.0,ZAL,10,"TUBELIS, AZUOLAS",24:05,18,7,9,0,0,4,6,2,5,7,2,1,0,0,1,2,4,25,0.0,2026-10-01,RS,PRS,ZAL,24.083333333333332,22.5,27.174999999999997,1.0,22.5,27.174999999999997,2.5,-3.091666666666665,0
2026,2,0,P008384   ,0,0.0,MAD,9,"PROCIDA, GABRIELE",03:46,0,0,0,0,0,0,0,0,1,1,0,0,0,0,0,0,0,1,0.0,2026-09-24,RS,DUB,MAD,3.7666666666666666,,,,,,,,0
2026,10,0,P008829   ,1,1.0,MIL,25,"PETERS, ALEC",30:10,17,3,5,2,2,5,5,1,1,2,1,0,1,0,2,2,8,21,-3.0,2026-09-25,RS,PAR,MIL,30.166666666666668,,,,,,,,0
2026,16,1,P008829   ,1,1.0,MIL,25,"PETERS, ALEC",23:07,7,2,7,0,3,3,3,1,4,5,0,0,1,0,0,2,3,4,-4.0,2026-09-29,RS,MIL,VIR,23.116666666666667,,,,,,,,0
2026,2,1,P008855   ,0,0.0,DUB,44,"WALKUP, THOMAS",15:43,5,1,2,1,3,0,0,0,0,0,0,0,2,0,1,1,0,-2,-4.0,2026-09-24,RS,DUB,MAD,15.716666666666667,,,,,,,,0
2026,13,1,P008855   ,0,0.0,DUB,44,"WALKUP, THOMAS",12:31,5,1,1,1,3,0,0,0,3,3,4,0,0,0,0,1,1,10,4.0,2026-09-29,RS,DUB,BAR,12.516666666666667,,,,,,,,0
2026,12,0,P008912   ,0,0.0,HTA,5,"CARRINGTON, KHADEEN",01:03,0,0,0,0,0,0,0,0,0,0,0,0,0,0,0,1,0,-1,5.0,2026-09-29,RS,RED,HTA,1.05,,,,,,,,0
2026,22,1,P008912   ,0,0.0,HTA,5,"CARRINGTON, KHADEEN",05:41,0,0,0,0,0,0,0,0,1,1,1,0,0,0,0,0,1,3,4.0,2026-10-01,RS,HTA,MAD,5.683333333333334,,,,,,,,0
2026,10,0,P008985   ,0,0.0,MIL,10,"BOLMARO, LEANDRO",23:57,1,0,3,0,0,1,2,0,2,2,2,0,1,1,0,2,2,1,-9.0,2026-09-25,RS,PAR,MIL,23.95,,,,,,,,0
2026,16,1,P008985   ,0,1.0,MIL,10,"BOLMARO, LEANDRO",20:15,5,1,3,1,4,0,2,1,3,4,1,1,2,1,2,1,2,2,7.0,2026-09-29,RS,MIL,VIR,20.25,,,,,,,,0
2026,3,1,P008987   ,1,0.0,HTA,16,"LEDAY, ZACH",12:26,8,1,3,1,2,3,3,1,3,4,0,0,0,0,0,0,4,13,-3.0,2026-09-24,RS,HTA,MUN,12.433333333333334,,,,,,,,0
2026,12,0,P008987   ,1,0.0,HTA,16,"LEDAY, ZACH",21:54,12,2,4,2,3,2,2,1,3,4,0,0,2,0,0,3,5,13,13.0,2026-09-29,RS,RED,HTA,21.9,,,,,,,,0
2026,22,1,P008987   ,1,0.0,HTA,16,"LEDAY, ZACH",16:14,15,3,6,2,2,3,3,1,2,3,0,0,0,0,0,2,3,16,-5.0,2026-10-01,RS,HTA,MAD,16.233333333333334,13.0,17.166666666666664,1.0,13.0,17.166666666666664,3.0,-0.93333333333333,0
2026,2,0,P009005   ,0,0.0,MAD,14,"DECK, GABRIEL",16:30,0,0,0,0,2,0,0,0,1,1,0,0,1,0,0,1,1,-2,2.0,2026-09-24,RS,DUB,MAD,16.5,,,,,,,,0
2026,11,0,P009005   ,1,0.0,MAD,14,"DECK, GABRIEL",21:53,2,1,1,0,0,0,0,0,3,3,1,0,1,0,0,2,0,3,-2.0,2026-09-29,RS,IST,MAD,21.883333333333333,,,,,,,,0
2026,22,0,P009005   ,0,0.0,MAD,14,"DECK, GABRIEL",12:55,1,0,0,0,1,1,2,0,0,0,0,0,1,0,0,3,1,-4,-15.0,2026-10-01,RS,HTA,MAD,12.916666666666666,0.5,19.191666666666666,0.5,0.5,19.191666666666666,-4.5,-6.275,1
2026,8,1,P009025   ,0,0.0,BES,21,"BROWN, ANTHONY",24:52,7,2,3,1,5,0,0,1,2,3,1,1,2,0,0,3,1,3,5.0,2026-09-25,RS,BES,PAM,24.866666666666667,,,,,,,,0
2026,19,0,P009025   ,1,1.0,BES,21,"BROWN, ANTHONY",30:49,20,1,1,6,7,0,0,0,5,5,3,0,1,0,0,2,0,24,10.0,2026-09-30,RS,TEL,BES,30.816666666666666,,,,,,,,0
2026,6,1,P009035   ,1,1.0,ASV,21,"BOLOMBOY, JOEL",25:41,2,1,2,0,0,0,0,1,5,6,0,3,2,0,0,3,0,5,6.0,2026-09-24,RS,ASV,TEL,25.683333333333334,,,,,,,,0
2026,20,0,P009035   ,1,0.0,ASV,21,"BOLOMBOY, JOEL",15:54,2,1,3,0,0,0,0,2,3,5,1,0,1,1,1,0,1,6,-17.0,2026-09-30,RS,PAN,ASV,15.9,,,,,,,,0
2026,5,0,P009048   ,1,1.0,OLY,0,"MILLER-MCINTYRE, CODI",19:37,2,1,2,0,2,0,0,0,2,2,6,0,4,0,0,3,2,2,-4.0,2026-09-24,RS,BAS,OLY,19.616666666666667,,,,,,,,0
2026,14,0,P009048   ,1,0.0,OLY,0,"MILLER-MCINTYRE, CODI",12:42,4,2,2,0,2,0,0,0,1,1,6,0,2,0,0,2,0,5,-7.0,2026-09-29,RS,ZAL,OLY,12.7,,,,,,,,0
2026,23,0,P009048   ,1,1.0,OLY,0,"MILLER-MCINTYRE, CODI",24:19,0,0,1,0,1,0,0,1,1,2,8,0,2,0,0,2,2,6,-7.0,2026-10-01,RS,VIR,OLY,24.316666666666666,3.5,16.15833333333333,1.0,3.5,16.15833333333333,2.5,8.158333333333335,0
2026,3,0,P009513   ,1,0.0,MUN,21,"HOLLATZ, JUSTUS",09:56,2,1,2,0,2,0,0,0,0,0,3,1,0,0,0,4,0,-1,5.0,2026-09-24,RS,HTA,MUN,9.933333333333334,,,,,,,,0
2026,17,0,P009513   ,1,0.0,MUN,21,"HOLLATZ, JUSTUS",11:28,2,1,1,0,0,0,0,1,1,2,0,0,2,0,0,3,1,0,-9.0,2026-09-29,RS,ULK,MUN,11.466666666666667,,,,,,,,0
2026,10,1,P009664   ,1,0.0,PAR,35,"WILLIS, DEREK",03:09,3,0,0,1,1,0,0,0,1,1,0,0,0,1,0,0,0,5,4.0,2026-09-25,RS,PAR,MIL,3.15,,,,,,,,0
2026,8,1,P009680   ,0,1.0,BES,9,"MORGAN, CONOR",20:13,15,0,1,5,6,0,0,0,2,2,1,0,2,1,0,3,0,12,-5.0,2026-09-25,RS,BES,PAM,20.216666666666665,,,,,,,,0
2026,19,0,P009680   ,1,1.0,BES,9,"MORGAN, CONOR",22:19,13,4,4,1,4,2,2,0,3,3,3,0,2,1,0,2,2,15,8.0,2026-09-30,RS,TEL,BES,22.316666666666666,,,,,,,,0
2026,10,1,P009733   ,0,0.0,PAR,23,"JEKIRI, TONYE",20:18,7,2,3,0,0,3,4,0,1,1,3,3,2,1,0,1,4,14,3.0,2026-09-25,RS,PAR,MIL,20.3,,,,,,,,0
2026,18,0,P009733   ,0,1.0,PAR,23,"JEKIRI, TONYE",21:30,15,7,10,0,0,1,2,2,5,7,1,1,0,0,0,1,3,22,2.0,2026-09-29,RS,PRS,PAR,21.5,,,,,,,,0
2026,4,0,P009754   ,0,1.0,IST,3,"LOYD, JORDAN",21:31,2,1,3,0,2,0,0,0,0,0,0,1,1,0,1,4,2,-5,-13.0,2026-09-24,RS,BAR,IST,21.516666666666666,,,,,,,,0
2026,11,1,P009754   ,0,1.0,IST,3,"LOYD, JORDAN",17:10,12,2,4,2,3,2,2,1,3,4,1,0,0,0,1,3,2,12,-3.0,2026-09-29,RS,IST,MAD,17.166666666666668,,,,,,,,0
2026,21,0,P009754   ,0,1.0,IST,3,"LOYD, JORDAN",23:47,17,2,3,3,5,4,4,1,6,7,3,2,1,0,0,1,4,28,-3.0,2026-10-01,RS,RED,IST,23.783333333333335,3.5,19.34166666666667,0.0,3.5,19.34166666666667,24.5,4.441666666666666,0
2026,6,0,P009783   ,1,0.0,TEL,50,"COLSON, BONZIE",08:47,0,0,0,0,1,0,0,0,1,1,0,0,0,0,0,0,1,1,-11.0,2026-09-24,RS,ASV,TEL,8.783333333333333,,,,,,,,0
2026,19,1,P009783   ,1,1.0,TEL,50,"COLSON, BONZIE",29:09,17,5,6,2,4,1,1,2,1,3,1,0,1,0,0,1,1,17,-7.0,2026-09-30,RS,TEL,BES,29.15,,,,,,,,0
2026,3,1,P009846   ,1,1.0,HTA,3,"BRYANT, ELIJAH",29:11,10,4,5,0,4,2,2,0,2,2,3,0,2,0,0,2,7,13,1.0,2026-09-24,RS,HTA,MUN,29.183333333333334,,,,,,,,0
2026,12,0,P009846   ,1,1.0,HTA,3,"BRYANT, ELIJAH",36:37,18,3,8,1,3,9,9,1,9,10,4,4,2,0,0,3,7,31,1.0,2026-09-29,RS,RED,HTA,36.61666666666667,,,,,,,,0
2026,22,1,P009846   ,1,1.0,HTA,3,"BRYANT, ELIJAH",31:33,22,6,9,1,6,7,9,1,12,13,7,1,1,0,0,1,9,40,-3.0,2026-10-01,RS,HTA,MAD,31.55,22.0,32.9,1.0,22.0,32.9,18.0,-1.3499999999999979,0
2026,5,0,P009849   ,1,0.0,OLY,22,"DORSEY, TYLER",22:45,25,4,5,4,6,5,5,0,2,2,1,1,0,0,0,0,3,29,13.0,2026-09-24,RS,BAS,OLY,22.75,,,,,,,,0
2026,14,0,P009849   ,1,0.0,OLY,22,"DORSEY, TYLER",19:53,10,3,4,1,7,1,2,1,1,2,1,2,2,0,0,0,3,8,-2.0,2026-09-29,RS,ZAL,OLY,19.883333333333333,,,,,,,,0
2026,23,0,P009849   ,1,0.0,OLY,22,"DORSEY, TYLER",27:06,22,1,3,6,9,2,3,0,1,1,2,0,2,0,0,2,4,19,1.0,2026-10-01,RS,VIR,OLY,27.1,18.5,21.316666666666666,1.0,18.5,21.316666666666666,0.5,5.783333333333335,0
2026,4,1,P009862   ,1,1.0,BAR,0,"PUNTER, KEVIN",25:09,19,5,9,2,3,3,3,0,1,1,1,2,1,0,0,0,5,22,-2.0,2026-09-24,RS,BAR,IST,25.15,,,,,,,,0
2026,13,0,P009862   ,1,0.0,BAR,0,"PUNTER, KEVIN",25:41,25,8,10,3,6,0,0,3,2,5,2,1,0,0,0,3,3,28,-1.0,2026-09-29,RS,DUB,BAR,25.683333333333334,,,,,,,,0
2026,9,1,P009863   ,0,0.0,ULK,2,"BALDWIN IV, WADE",23:16,12,3,4,0,4,6,8,0,4,4,6,0,4,0,0,2,4,13,14.0,2026-09-25,RS,ULK,VIR,23.266666666666666,,,,,,,,0
2026,17,1,P009863   ,0,0.0,ULK,2,"BALDWIN IV, WADE",17:14,13,2,3,3,4,0,0,1,3,4,8,2,2,0,0,2,1,22,25.0,2026-09-29,RS,ULK,MUN,17.233333333333334,,,,,,,,0
2026,4,1,P009992   ,0,0.0,BAR,8,"BRIZUELA, DARIO",19:23,20,5,6,3,4,1,2,0,2,2,0,1,3,0,0,2,1,16,14.0,2026-09-24,RS,BAR,IST,19.383333333333333,,,,,,,,0
2026,13,0,P009992   ,0,0.0,BAR,8,"BRIZUELA, DARIO",17:34,0,0,1,0,3,0,0,0,1,1,1,0,2,0,0,4,0,-8,-2.0,2026-09-29,RS,DUB,BAR,17.566666666666666,,,,,,,,0
2026,5,0,P010042   ,0,0.0,OLY,8,"MONTERO, JEAN",19:45,15,2,5,2,5,5,6,0,5,5,5,1,3,0,0,0,3,19,22.0,2026-09-24,RS,BAS,OLY,19.75,,,,,,,,0
2026,14,0,P010042   ,0,1.0,OLY,8,"MONTERO, JEAN",27:20,15,5,8,0,3,5,5,2,1,3,7,1,2,0,1,0,4,21,9.0,2026-09-29,RS,ZAL,OLY,27.333333333333332,,,,,,,,0
2026,23,0,P010042   ,0,1.0,OLY,8,"MONTERO, JEAN",18:35,8,3,5,0,5,2,2,0,2,2,4,0,0,0,0,0,1,8,-2.0,2026-10-01,RS,VIR,OLY,18.583333333333332,20.0,23.541666666666664,0.0,20.0,23.541666666666664,-12.0,-4.958333333333332,1
2026,4,1,P010062   ,0,0.0,BAR,10,"UBAL, AGUSTIN",DNP,0,0,0,0,0,0,0,0,0,0,0,0,0,0,0,0,0,0,0.0,2026-09-24,RS,BAR,IST,,,,,,,,,0
2026,13,0,P010062   ,0,0.0,BAR,10,"UBAL, AGUSTIN",DNP,0,0,0,0,0,0,0,0,0,0,0,0,0,0,0,0,0,0,0.0,2026-09-29,RS,DUB,BAR,,,,,,,,,0
2026,14,0,P010091   ,0,0.0,OLY,9,"PLOTAS, NIKOLAOS",DNP,0,0,0,0,0,0,0,0,0,0,0,0,0,0,0,0,0,0,0.0,2026-09-29,RS,ZAL,OLY,,,,,,,,,0
2026,4,1,P010106   ,0,0.0,BAR,17,"NUNEZ, JUAN",DNP,0,0,0,0,0,0,0,0,0,0,0,0,0,0,0,0,0,0,0.0,2026-09-24,RS,BAR,IST,,,,,,,,,0
2026,13,0,P010106   ,0,0.0,BAR,17,"NUNEZ, JUAN",DNP,0,0,0,0,0,0,0,0,0,0,0,0,0,0,0,0,0,0,0.0,2026-09-29,RS,DUB,BAR,,,,,,,,,0
2026,7,1,P010357   ,1,0.0,PAN,28,"YABUSELE, GUERSCHON",19:38,13,3,5,2,5,1,1,2,3,5,0,1,0,0,0,2,1,13,17.0,2026-09-24,RS,PAN,PRS,19.633333333333333,,,,,,,,0
2026,20,1,P010357   ,1,0.0,PAN,28,"YABUSELE, GUERSCHON",16:32,9,3,4,0,2,3,3,2,3,5,3,0,1,0,1,1,2,13,15.0,2026-09-30,RS,PAN,ASV,16.533333333333335,,,,,,,,0
2026,10,1,P010390   ,1,1.0,PAR,13,"HAYES, KEVARRIUS",16:38,10,5,6,0,0,0,0,1,2,3,1,0,0,2,0,4,1,12,13.0,2026-09-25,RS,PAR,MIL,16.633333333333333,,,,,,,,0
2026,18,0,P010390   ,1,0.0,PAR,13,"HAYES, KEVARRIUS",14:44,2,0,3,0,0,2,4,2,2,4,1,1,1,0,2,3,2,-1,12.0,2026-09-29,RS,PRS,PAR,14.733333333333333,,,,,,,,0
2026,1,1,P010391   ,0,0.0,RED,3,"WEILER-BABB, NICK",21:16,0,0,3,0,1,0,0,1,2,3,3,1,4,0,2,2,1,-4,-9.0,2026-09-24,RS,RED,ZAL,21.266666666666666,,,,,,,,0
2026,12,1,P010391   ,0,1.0,RED,3,"WEILER-BABB, NICK",16:59,2,1,2,0,2,0,0,1,5,6,6,0,1,0,0,3,0,7,8.0,2026-09-29,RS,RED,HTA,16.983333333333334,,,,,,,,0
2026,21,1,P010391   ,1,0.0,RED,3,"WEILER-BABB, NICK",24:38,2,1,4,0,4,0,0,1,4,5,2,2,0,0,0,2,1,3,4.0,2026-10-01,RS,RED,IST,24.633333333333333,1.5,19.125,0.0,1.5,19.125,1.5,5.508333333333333,0
2026,2,0,P010393   ,1,1.0,MAD,4,"PRADILLA, JAIME",20:03,5,1,2,1,2,0,0,0,2,2,0,1,0,0,0,1,1,6,-1.0,2026-09-24,RS,DUB,MAD,20.05,,,,,,,,0
2026,11,0,P010393   ,1,0.0,MAD,4,"PRADILLA, JAIME",10:29,4,1,1,0,1,2,2,0,1,1,2,1,0,0,0,1,2,8,-7.0,2026-09-29,RS,IST,MAD,10.483333333333333,,,,,,,,0
2026,22,0,P010393   ,0,0.0,MAD,4,"PRADILLA, JAIME",02:35,0,0,0,0,1,0,0,0,0,0,0,0,0,0,0,1,0,-2,-8.0,2026-10-01,RS,HTA,MAD,2.5833333333333335,7.0,15.266666666666666,1.0,7.0,15.266666666666666,-9.0,-12.683333333333332,0
2026,7,0,P010431   ,0,1.0,PRS,20,"MORGAN, JEREMY",11:40,0,0,0,0,3,0,0,1,0,1,0,1,0,0,0,2,0,-3,-8.0,2026-09-24,RS,PAN,PRS,11.666666666666666,,,,,,,,0
2026,18,1,P010431   ,0,1.0,PRS,20,"MORGAN, JEREMY",14:27,6,0,0,2,4,0,0,1,1,2,2,2,0,0,0,3,0,7,2.0,2026-09-29,RS,PRS,PAR,14.45,,,,,,,,0
2026,24,1,P010431   ,0,1.0,PRS,20,"MORGAN, JEREMY",09:31,3,0,0,1,3,0,0,1,0,1,1,0,1,0,0,4,0,-2,-5.0,2026-10-01,RS,PRS,ZAL,9.516666666666667,2.0,13.058333333333334,0.0,2.0,13.058333333333334,-4.0,-3.541666666666666,0
2026,8,0,P010545   ,0,0.0,PAM,13,"SAKO, NEAL",11:23,10,4,4,0,0,2,2,0,2,2,2,0,0,0,0,4,3,13,2.0,2026-09-25,RS,BES,PAM,11.383333333333333,,,,,,,,0
2026,15,1,P010545   ,0,1.0,PAM,13,"SAKO, NEAL",17:13,4,2,5,0,0,0,2,1,4,5,2,0,3,1,1,1,2,4,8.0,2026-09-29,RS,PAM,BAS,17.216666666666665,,,,,,,,0
2026,1,1,P010568   ,1,1.0,RED,1,"JONES, CHRIS",18:44,15,5,6,1,2,2,2,1,1,2,8,2,0,0,0,1,1,25,3.0,2026-09-24,RS,RED,ZAL,18.733333333333334,,,,,,,,0
2026,12,1,P010568   ,1,0.0,RED,1,"JONES, CHRIS",17:34,6,2,3,0,3,2,2,0,1,1,4,0,2,0,0,2,3,6,-13.0,2026-09-29,RS,RED,HTA,17.566666666666666,,,,,,,,0
2026,21,1,P010568   ,0,0.0,RED,1,"JONES, CHRIS",08:38,1,0,3,0,1,1,2,0,0,0,4,0,1,0,0,1,2,0,-3.0,2026-10-01,RS,RED,IST,8.633333333333333,15.5,18.15,1.0,15.5,18.15,-15.5,-9.516666666666666,0
2026,8,0,P010581   ,1,1.0,PAM,8,"OSETKOWSKI, DYLAN",17:44,1,0,1,0,1,1,1,1,4,5,0,1,0,0,0,3,0,2,13.0,2026-09-25,RS,BES,PAM,17.733333333333334,,,,,,,,0
2026,15,1,P010581   ,0,1.0,PAM,8,"OSETKOWSKI, DYLAN",19:26,12,2,2,2,3,2,2,1,6,7,1,1,0,0,0,1,1,20,13.0,2026-09-29,RS,PAM,BAS,19.433333333333334,,,,,,,,0
2026,3,0,P010726   ,0,1.0,MUN,8,"JENSEN, TOBIAS",16:00,5,1,2,0,1,3,3,1,0,1,1,2,2,0,0,1,2,6,12.0,2026-09-24,RS,HTA,MUN,16.0,,,,,,,,0
2026,6,0,P010781   ,1,0.0,TEL,0,"LUNDBERG, IFFE",22:05,5,0,3,1,3,2,2,1,1,2,2,0,2,0,1,5,1,-3,0.0,2026-09-24,RS,ASV,TEL,22.083333333333332,,,,,,,,0
2026,19,1,P010781   ,1,0.0,TEL,0,"LUNDBERG, IFFE",20:36,8,3,4,0,3,2,2,0,4,4,3,0,1,0,1,2,4,11,-1.0,2026-09-30,RS,TEL,BES,20.6,,,,,,,,0
2026,6,0,P011052   ,1,1.0,TEL,26,"MADAR, YAM",25:58,13,1,2,3,6,2,4,0,3,3,8,0,4,0,1,1,4,16,7.0,2026-09-24,RS,ASV,TEL,25.966666666666665,,,,,,,,0
2026,19,1,P011052   ,0,0.0,TEL,26,"MADAR, YAM",20:49,6,1,3,0,0,4,4,0,1,1,6,0,1,0,1,3,4,10,-15.0,2026-09-30,RS,TEL,BES,20.816666666666666,,,,,,,,0
2026,10,0,P011078   ,0,1.0,MIL,13,"THOMPSON, DARIUS",21:23,7,3,4,0,2,1,1,0,0,0,2,1,2,0,0,3,1,3,-7.0,2026-09-25,RS,PAR,MIL,21.383333333333333,,,,,,,,0
2026,16,1,P011078   ,1,0.0,MIL,13,"THOMPSON, DARIUS",20:57,12,3,4,2,4,0,0,0,0,0,2,2,1,0,0,0,0,12,-4.0,2026-09-29,RS,MIL,VIR,20.95,,,,,,,,0
2026,7,1,P011085   ,0,0.0,PAN,17,"ROGKAVOPOULOS, NIKOLAOS",DNP,0,0,0,0,0,0,0,0,0,0,0,0,0,0,0,0,0,0,0.0,2026-09-24,RS,PAN,PRS,,,,,,,,,0
2026,20,1,P011085   ,0,0.0,PAN,17,"ROGKAVOPOULOS, NIKOLAOS",19:16,12,4,4,1,1,1,1,2,1,3,3,1,3,1,0,1,2,18,8.0,2026-09-30,RS,PAN,ASV,19.266666666666666,,,,,,,,0
2026,1,1,P011157   ,1,0.0,RED,0,"MOTLEY, JOHNATHAN",14:08,2,1,5,0,2,0,0,0,0,0,2,0,6,0,0,5,0,-13,-19.0,2026-09-24,RS,RED,ZAL,14.133333333333333,,,,,,,,0
2026,12,1,P011157   ,1,0.0,RED,0,"MOTLEY, JOHNATHAN",16:05,2,1,3,0,0,0,0,3,3,6,1,0,4,0,1,3,2,1,0.0,2026-09-29,RS,RED,HTA,16.083333333333332,,,,,,,,0
2026,21,1,P011157   ,0,0.0,RED,0,"MOTLEY, JOHNATHAN",06:53,0,0,0,0,0,0,0,0,1,1,0,0,0,1,0,0,1,3,4.0,2026-10-01,RS,RED,IST,6.883333333333333,-6.0,15.108333333333333,1.0,-6.0,15.108333333333333,9.0,-8.225,0
2026,2,1,P011194   ,1,1.0,DUB,30,"PETRUSEV, FILIP",18:52,3,0,3,1,1,0,0,2,4,6,2,0,0,0,1,1,2,8,10.0,2026-09-24,RS,DUB,MAD,18.866666666666667,,,,,,,,0
2026,13,1,P011194   ,0,0.0,DUB,30,"PETRUSEV, FILIP",06:39,4,1,2,0,0,2,2,0,2,2,0,0,0,0,0,0,1,6,6.0,2026-09-29,RS,DUB,BAR,6.65,,,,,,,,0
2026,5,0,P011196   ,1,0.0,OLY,45,"HALL, DONTA",18:47,4,2,3,0,0,0,0,3,4,7,1,1,1,1,0,2,2,12,7.0,2026-09-24,RS,BAS,OLY,18.783333333333335,,,,,,,,0
2026,14,0,P011196   ,0,1.0,OLY,45,"HALL, DONTA",20:45,1,0,2,0,0,1,2,2,1,3,3,1,0,2,1,3,2,5,5.0,2026-09-29,RS,ZAL,OLY,20.75,,,,,,,,0
2026,23,0,P011196   ,1,0.0,OLY,45,"HALL, DONTA",11:32,2,1,2,0,0,0,0,1,1,2,0,0,0,0,0,0,0,3,-6.0,2026-10-01,RS,VIR,OLY,11.533333333333333,8.5,19.766666666666666,0.5,8.5,19.766666666666666,-5.5,-8.233333333333333,0
2026,7,1,P011204   ,1,1.0,PAN,22,"GRANT, JERIAN",18:07,7,2,4,1,4,0,0,1,0,1,3,1,0,1,0,1,2,9,8.0,2026-09-24,RS,PAN,PRS,18.116666666666667,,,,,,,,0
2026,20,1,P011204   ,1,0.0,PAN,22,"GRANT, JERIAN",16:22,13,3,5,2,2,1,1,0,1,1,2,1,1,0,0,1,2,15,19.0,2026-09-30,RS,PAN,ASV,16.366666666666667,,,,,,,,0
2026,10,0,P011205   ,1,0.0,MIL,22,"HALL, DEVON",27:52,13,2,5,3,6,0,0,1,4,5,3,0,1,0,1,0,3,16,-4.0,2026-09-25,RS,PAR,MIL,27.866666666666667,,,,,,,,0
2026,16,1,P011205   ,1,1.0,MIL,22,"HALL, DEVON",22:55,12,2,5,2,2,2,2,0,1,1,1,0,1,0,0,3,3,10,-4.0,2026-09-29,RS,MIL,VIR,22.916666666666668,,,,,,,,0
2026,7,1,P011209   ,1,0.0,PAN,0,"KALAITZAKIS, PANAGIOTIS",19:06,3,0,2,1,3,0,0,1,2,3,2,2,0,0,0,5,1,2,10.0,2026-09-24,RS,PAN,PRS,19.1,,,,,,,,0
2026,20,1,P011209   ,1,1.0,PAN,0,"KALAITZAKIS, PANAGIOTIS",17:30,7,0,2,2,2,1,2,1,2,3,5,1,1,0,0,4,2,10,16.0,2026-09-30,RS,PAN,ASV,17.5,,,,,,,,0
2026,2,1,P011212   ,1,0.0,DUB,0,"OKOBO, ELIE",30:03,8,4,6,0,2,0,0,1,3,4,4,1,1,0,0,2,1,11,7.0,2026-09-24,RS,DUB,MAD,30.05,,,,,,,,0
2026,13,1,P011212   ,1,1.0,DUB,0,"OKOBO, ELIE",27:42,9,1,3,0,2,7,8,0,2,2,6,0,1,0,0,2,4,13,9.0,2026-09-29,RS,DUB,BAR,27.7,,,,,,,,0
2026,8,0,P011214   ,0,1.0,PAM,41,"RIVERO, JASIEL",15:17,10,2,4,1,1,3,3,2,1,3,0,0,1,0,1,2,3,10,4.0,2026-09-25,RS,BES,PAM,15.283333333333333,,,,,,,,0
2026,15,1,P011214   ,0,0.0,PAM,41,"RIVERO, JASIEL",16:05,10,2,6,1,1,3,3,1,2,3,1,0,1,1,1,3,4,10,5.0,2026-09-29,RS,PAM,BAS,16.083333333333332,,,,,,,,0
2026,8,0,P011217   ,1,1.0,PAM,1,"TAYLOR, KAMERON",23:37,12,3,5,1,1,3,5,1,6,7,2,0,1,0,0,3,4,17,10.0,2026-09-25,RS,BES,PAM,23.616666666666667,,,,,,,,0
2026,15,1,P011217   ,1,0.0,PAM,1,"TAYLOR, KAMERON",18:05,6,3,3,0,0,0,0,0,4,4,3,2,1,1,0,2,0,13,23.0,2026-09-29,RS,PAM,BAS,18.083333333333332,,,,,,,,0
2026,6,0,P011219   ,1,1.0,TEL,9,"SORKIN, ROMAN",24:10,13,5,7,1,2,0,1,2,3,5,2,1,1,0,1,1,2,16,4.0,2026-09-24,RS,ASV,TEL,24.166666666666668,,,,,,,,0
2026,19,1,P011219   ,0,0.0,TEL,9,"SORKIN, ROMAN",11:25,9,4,5,0,0,1,2,0,2,2,0,0,0,2,0,0,1,12,-13.0,2026-09-30,RS,TEL,BES,11.416666666666666,,,,,,,,0
2026,2,1,P011231   ,0,1.0,DUB,4,"BLOSSOMGAME, JARON",06:02,0,0,0,0,0,0,0,1,0,1,0,0,0,1,0,0,1,3,-1.0,2026-09-24,RS,DUB,MAD,6.033333333333333,,,,,,,,0
2026,13,1,P011231   ,1,1.0,DUB,4,"BLOSSOMGAME, JARON",22:43,10,5,6,0,1,0,2,1,1,2,0,1,1,1,0,1,1,9,4.0,2026-09-29,RS,DUB,BAR,22.716666666666665,,,,,,,,0
2026,3,0,P011244   ,0,0.0,MUN,1,"DA SILVA, OSCAR",09:13,0,0,0,0,1,0,0,0,0,0,1,0,0,0,0,0,1,1,-6.0,2026-09-24,RS,HTA,MUN,9.216666666666667,,,,,,,,0
2026,17,0,P011244   ,0,0.0,MUN,1,"DA SILVA, OSCAR",16:53,4,2,2,0,3,0,0,0,2,2,1,0,0,1,0,2,1,4,-5.0,2026-09-29,RS,ULK,MUN,16.883333333333333,,,,,,,,0
2026,2,0,P011247   ,0,1.0,MAD,24,"FELIZ, ANDRES",23:25,9,3,9,1,2,0,0,1,4,5,4,0,2,1,1,1,0,8,3.0,2026-09-24,RS,DUB,MAD,23.416666666666668,,,,,,,,0
2026,11,0,P011247   ,0,0.0,MAD,24,"FELIZ, ANDRES",18:17,10,2,4,1,1,3,4,0,3,3,5,1,2,1,1,2,3,15,4.0,2026-09-29,RS,IST,MAD,18.283333333333335,,,,,,,,0
2026,22,0,P011247   ,0,1.0,MAD,24,"FELIZ, ANDRES",12:32,2,1,2,0,3,0,0,0,1,1,2,0,2,0,0,3,0,-4,-9.0,2026-10-01,RS,HTA,MAD,12.533333333333333,11.5,20.85,0.0,11.5,20.85,-15.5,-8.316666666666668,1
2026,5,1,P011284   ,0,1.0,BAS,35,"FARIED, KENNETH",17:22,5,2,4,0,1,1,2,1,2,3,0,0,0,0,0,4,3,3,-14.0,2026-09-24,RS,BAS,OLY,17.366666666666667,,,,,,,,0
2026,15,0,P011284   ,0,0.0,BAS,35,"FARIED, KENNETH",23:29,15,6,8,1,1,0,0,3,2,5,0,1,2,3,0,1,1,20,-13.0,2026-09-29,RS,PAM,BAS,23.483333333333334,,,,,,,,0
2026,2,1,P011286   ,1,1.0,DUB,3,"BACON, DWAYNE",29:04,24,9,11,0,2,6,7,1,4,5,4,0,1,0,0,1,5,31,20.0,2026-09-24,RS,DUB,MAD,29.066666666666666,,,,,,,,0
2026,13,1,P011286   ,1,1.0,DUB,3,"BACON, DWAYNE",26:14,14,1,3,1,6,9,9,0,7,7,1,1,3,0,0,1,7,19,7.0,2026-09-29,RS,DUB,BAR,26.233333333333334,,,,,,,,0
2026,1,1,P011305   ,1,0.0,RED,11,"CARTER, TYSON",16:09,3,0,1,1,3,0,0,0,3,3,0,1,1,0,1,1,2,3,-13.0,2026-09-24,RS,RED,ZAL,16.15,,,,,,,,0
2026,12,1,P011305   ,1,0.0,RED,11,"CARTER, TYSON",19:07,12,3,5,2,4,0,0,0,2,2,3,0,0,0,1,0,0,12,-7.0,2026-09-29,RS,RED,HTA,19.116666666666667,,,,,,,,0
2026,21,1,P011305   ,1,1.0,RED,11,"CARTER, TYSON",19:52,11,1,4,2,3,3,4,0,2,2,3,1,1,0,0,1,3,13,4.0,2026-10-01,RS,RED,IST,19.866666666666667,7.5,17.633333333333333,1.0,7.5,17.633333333333333,5.5,2.2333333333333343,0
2026,8,0,P011706   ,1,0.0,PAM,5,"SAINT-SUPERY, MARIO",16:26,7,1,2,1,2,2,2,0,1,1,3,2,3,0,0,2,4,10,9.0,2026-09-25,RS,BES,PAM,16.433333333333334,,,,,,,,0
2026,15,1,P011706   ,1,1.0,PAM,5,"SAINT-SUPERY, MARIO",16:27,3,0,3,1,3,0,0,1,1,2,0,0,1,0,0,2,1,-2,5.0,2026-09-29,RS,PAM,BAS,16.45,,,,,,,,0
2026,3,1,P011823   ,0,0.0,HTA,21,"ODIASE, TAI",06:24,0,0,0,0,0,0,0,0,1,1,0,1,1,0,0,2,2,1,4.0,2026-09-24,RS,HTA,MUN,6.4,,,,,,,,0
2026,12,0,P011823   ,0,0.0,HTA,21,"ODIASE, TAI",20:47,8,3,5,0,0,2,2,1,0,1,0,0,1,1,1,1,3,8,8.0,2026-09-29,RS,RED,HTA,20.783333333333335,,,,,,,,0
2026,22,1,P011823   ,0,1.0,HTA,21,"ODIASE, TAI",10:03,0,0,0,0,0,0,0,1,0,1,0,0,1,0,0,2,0,-2,-1.0,2026-10-01,RS,HTA,MAD,10.05,4.5,13.591666666666669,0.0,4.5,13.591666666666669,-6.5,-3.541666666666668,0
2026,10,1,P011924   ,0,0.0,PAR,0,"ALLMAN, KYLE",16:10,8,4,5,0,1,0,1,0,2,2,1,0,1,0,0,2,1,6,10.0,2026-09-25,RS,PAR,MIL,16.166666666666668,,,,,,,,0
2026,18,0,P011924   ,0,1.0,PAR,0,"ALLMAN, KYLE",25:13,10,2,4,1,2,3,4,0,2,2,2,0,2,0,0,2,4,10,16.0,2026-09-29,RS,PRS,PAR,25.216666666666665,,,,,,,,0
2026,1,0,P011927   ,0,0.0,ZAL,14,"SLEVA, DUSTIN",14:00,7,0,0,2,3,1,4,2,1,3,0,1,0,0,0,4,2,5,0.0,2026-09-24,RS,RED,ZAL,14.0,,,,,,,,0
2026,14,1,P011927   ,0,0.0,ZAL,14,"SLEVA, DUSTIN",06:06,0,0,0,0,0,0,0,1,0,1,1,0,0,0,0,1,0,1,-5.0,2026-09-29,RS,ZAL,OLY,6.1,,,,,,,,0
2026,24,0,P011927   ,1,0.0,ZAL,14,"SLEVA, DUSTIN",14:46,1,0,2,0,2,1,2,2,2,4,0,0,0,0,0,3,2,-1,-7.0,2026-10-01,RS,PRS,ZAL,14.766666666666667,3.0,10.05,0.0,3.0,10.05,-4.0,4.716666666666667,0
2026,5,1,P011948   ,0,0.0,BAS,0,"HOWARD, MARKUS",12:30,9,0,1,3,5,0,0,1,0,1,1,0,0,0,1,1,1,7,-11.0,2026-09-24,RS,BAS,OLY,12.5,,,,,,,,0
2026,15,0,P011948   ,0,0.0,BAS,0,"HOWARD, MARKUS",10:24,5,1,4,1,4,0,0,0,0,0,0,0,2,0,1,2,1,-5,-16.0,2026-09-29,RS,PAM,BAS,10.4,,,,,,,,0
2026,7,0,P011949   ,0,1.0,PRS,34,"HOMMES, DAULTON",15:04,2,0,2,0,1,2,2,1,3,4,0,0,2,0,1,0,1,1,-23.0,2026-09-24,RS,PAN,PRS,15.066666666666666,,,,,,,,0
2026,18,1,P011949   ,0,0.0,PRS,34,"HOMMES, DAULTON",07:52,0,0,0,0,1,0,0,0,0,0,1,0,1,0,0,1,1,-1,5.0,2026-09-29,RS,PRS,PAR,7.866666666666667,,,,,,,,0
2026,24,1,P011949   ,0,0.0,PRS,34,"HOMMES, DAULTON",16:39,6,0,2,2,5,0,0,1,3,4,1,0,0,0,0,2,1,5,-4.0,2026-10-01,RS,PRS,ZAL,16.65,0.0,11.466666666666667,0.0,0.0,11.466666666666667,5.0,5.183333333333332,0
2026,6,1,P011980   ,0,0.0,ASV,77,"SESTINA, NATHAN",03:20,0,0,0,0,1,0,0,0,2,2,0,0,0,0,0,2,1,0,3.0,2026-09-24,RS,ASV,TEL,3.3333333333333335,,,,,,,,0
2026,20,0,P011980   ,0,1.0,ASV,77,"SESTINA, NATHAN",22:39,14,1,1,3,7,3,6,1,1,2,3,1,1,0,0,1,2,13,-7.0,2026-09-30,RS,PAN,ASV,22.65,,,,,,,,0
2026,5,0,P011981   ,0,0.0,OLY,88,"JONES, TYRIQUE",12:07,12,5,9,0,0,2,2,4,4,8,0,0,1,0,0,1,1,15,14.0,2026-09-24,RS,BAS,OLY,12.116666666666667,,,,,,,,0
2026,14,0,P011981   ,1,0.0,OLY,88,"JONES, TYRIQUE",15:56,5,1,3,0,0,3,4,0,0,0,1,0,1,0,0,3,2,1,-2.0,2026-09-29,RS,ZAL,OLY,15.933333333333334,,,,,,,,0
2026,23,0,P011981   ,0,0.0,OLY,88,"JONES, TYRIQUE",03:22,2,1,1,0,0,0,0,0,0,0,0,0,2,0,0,4,0,-4,-4.0,2026-10-01,RS,VIR,OLY,3.3666666666666667,8.0,14.025,0.5,8.0,14.025,-12.0,-10.658333333333333,0
2026,1,1,P011982   ,1,1.0,RED,37,"OJELEYE, SEMI",24:35,9,1,4,2,3,1,3,2,5,7,1,0,1,0,1,4,4,9,1.0,2026-09-24,RS,RED,ZAL,24.583333333333332,,,,,,,,0
2026,12,1,P011982   ,1,1.0,RED,37,"OJELEYE, SEMI",27:15,4,1,2,0,2,2,2,3,5,8,3,1,1,1,1,3,3,12,-3.0,2026-09-29,RS,RED,HTA,27.25,,,,,,,,0
2026,21,1,P011982   ,1,0.0,RED,37,"OJELEYE, SEMI",23:28,9,2,3,0,1,5,7,1,3,4,2,0,1,1,0,4,5,12,2.0,2026-10-01,RS,RED,IST,23.466666666666665,10.5,25.916666666666664,1.0,10.5,25.916666666666664,1.5,-2.4499999999999993,0
2026,1,0,P011987   ,1,1.0,ZAL,3,"EDWARDS, CARSEN",15:34,13,2,5,2,6,3,3,0,0,0,0,2,1,0,1,3,1,4,3.0,2026-09-24,RS,RED,ZAL,15.566666666666666,,,,,,,,0
2026,14,1,P011987   ,1,1.0,ZAL,3,"EDWARDS, CARSEN",27:09,16,4,10,2,3,2,2,0,1,1,4,1,2,0,0,1,7,19,-3.0,2026-09-29,RS,ZAL,OLY,27.15,,,,,,,,0
2026,24,0,P011987   ,1,1.0,ZAL,3,"EDWARDS, CARSEN",26:12,19,4,12,3,10,2,2,1,1,2,2,0,1,0,1,1,3,8,-4.0,2026-10-01,RS,PRS,ZAL,26.2,11.5,21.358333333333334,1.0,11.5,21.358333333333334,-3.5,4.841666666666665,0
2026,2,0,P012080   ,1,1.0,MAD,3,"LUWAWU-CABARROT, TIMOTHE",21:33,11,3,6,1,3,2,2,0,0,0,0,1,0,0,1,2,1,5,-4.0,2026-09-24,RS,DUB,MAD,21.55,,,,,,,,0
2026,11,0,P012080   ,0,0.0,MAD,3,"LUWAWU-CABARROT, TIMOTHE",10:48,0,0,3,0,2,0,0,0,0,0,0,0,2,0,0,3,0,-10,-5.0,2026-09-29,RS,IST,MAD,10.8,,,,,,,,0
2026,22,0,P012080   ,1,0.0,MAD,3,"LUWAWU-CABARROT, TIMOTHE",27:08,21,2,6,5,10,2,2,1,1,2,2,2,2,0,0,5,1,12,11.0,2026-10-01,RS,HTA,MAD,27.133333333333333,-2.5,16.175,0.5,-2.5,16.175,14.5,10.958333333333332,0
2026,3,1,P012096   ,0,0.0,HTA,51,"CABOCLO, BRUNO",DNP,0,0,0,0,0,0,0,0,0,0,0,0,0,0,0,0,0,0,0.0,2026-09-24,RS,HTA,MUN,,,,,,,,,0
2026,12,0,P012096   ,0,0.0,HTA,51,"CABOCLO, BRUNO",DNP,0,0,0,0,0,0,0,0,0,0,0,0,0,0,0,0,0,0,0.0,2026-09-29,RS,RED,HTA,,,,,,,,,0
2026,22,1,P012096   ,1,0.0,HTA,51,"CABOCLO, BRUNO",13:05,15,0,1,5,5,0,0,0,0,0,0,1,0,0,0,5,1,11,-6.0,2026-10-01,RS,HTA,MAD,13.083333333333334,0.0,,0.0,0.0,,11.0,,0
2026,1,1,P012201   ,0,1.0,RED,95,"MONEKE, CHIMA",25:47,9,4,5,0,4,1,2,3,0,3,1,0,0,1,0,2,4,10,3.0,2026-09-24,RS,RED,ZAL,25.783333333333335,,,,,,,,0
2026,12,1,P012201   ,0,1.0,RED,95,"MONEKE, CHIMA",18:17,9,3,3,0,3,3,4,2,5,7,1,0,0,0,0,4,3,12,12.0,2026-09-29,RS,RED,HTA,18.283333333333335,,,,,,,,0
2026,21,1,P012201   ,0,1.0,RED,95,"MONEKE, CHIMA",23:41,18,4,8,3,4,1,2,4,3,7,1,1,2,0,2,3,3,17,8.0,2026-10-01,RS,RED,IST,23.683333333333334,11.0,22.033333333333335,0.0,11.0,22.033333333333335,6.0,1.6499999999999986,0
2026,7,0,P012403   ,1,0.0,PRS,15,"FAYE, MOUHAMED",07:36,0,0,0,0,0,0,0,1,1,2,1,0,0,0,0,5,0,-2,-15.0,2026-09-24,RS,PAN,PRS,7.6,,,,,,,,0
2026,18,1,P012403   ,1,1.0,PRS,15,"FAYE, MOUHAMED",19:35,3,1,2,0,0,1,2,1,2,3,1,0,1,3,1,1,2,7,-6.0,2026-09-29,RS,PRS,PAR,19.583333333333332,,,,,,,,0
2026,24,1,P012403   ,1,0.0,PRS,15,"FAYE, MOUHAMED",08:03,0,0,0,0,0,0,0,0,2,2,0,0,1,0,0,3,0,-2,3.0,2026-10-01,RS,PRS,ZAL,8.05,2.5,13.591666666666665,1.0,2.5,13.591666666666665,-4.5,-5.541666666666664,0
2026,7,0,P012515   ,1,0.0,PRS,3,"TARPEY, TERRY",15:15,0,0,0,0,4,0,0,1,4,5,6,1,1,0,0,2,0,5,8.0,2026-09-24,RS,PAN,PRS,15.25,,,,,,,,0
2026,18,1,P012515   ,1,0.0,PRS,3,"TARPEY, TERRY",13:33,0,0,0,0,0,0,0,0,2,2,3,2,0,0,0,0,1,8,-13.0,2026-09-29,RS,PRS,PAR,13.55,,,,,,,,0
2026,2,1,P012606   ,1,0.0,DUB,25,"WRIGHT IV, MCKINLEY",24:07,12,3,6,1,2,3,5,2,3,5,3,0,3,0,1,3,2,9,5.0,2026-09-24,RS,DUB,MAD,24.116666666666667,,,,,,,,0
2026,13,1,P012606   ,1,1.0,DUB,25,"WRIGHT IV, MCKINLEY",27:29,14,3,3,2,3,2,2,1,1,2,3,0,2,0,0,2,2,16,3.0,2026-09-29,RS,DUB,BAR,27.483333333333334,,,,,,,,0
2026,8,0,P012608   ,1,1.0,PAM,0,"SHORTS, TJ",23:33,26,9,17,2,3,2,2,0,1,1,2,1,2,0,1,3,5,20,8.0,2026-09-25,RS,BES,PAM,23.55,,,,,,,,0
2026,15,1,P012608   ,1,0.0,PAM,0,"SHORTS, TJ",18:52,12,5,8,0,0,2,2,0,0,0,10,1,1,0,0,2,3,20,19.0,2026-09-29,RS,PAM,BAS,18.866666666666667,,,,,,,,0
2026,4,0,P012609   ,1,0.0,IST,17,"MALCOLM, COLLIN",17:27,5,2,2,0,1,1,2,1,1,2,2,1,0,0,0,0,1,9,6.0,2026-09-24,RS,BAR,IST,17.45,,,,,,,,0
2026,11,1,P012609   ,0,0.0,IST,17,"MALCOLM, COLLIN",15:47,2,0,0,0,1,2,2,0,0,0,0,1,0,0,0,1,1,2,-12.0,2026-09-29,RS,IST,MAD,15.783333333333333,,,,,,,,0
2026,21,0,P012609   ,1,1.0,IST,17,"MALCOLM, COLLIN",23:51,5,2,2,0,2,1,2,0,3,3,4,1,0,1,0,2,1,10,-2.0,2026-10-01,RS,RED,IST,23.85,5.5,16.616666666666667,0.5,5.5,16.616666666666667,4.5,7.233333333333334,0
2026,5,0,P012610   ,1,1.0,OLY,3,"WARD, TYSON",17:46,11,2,5,1,3,4,4,2,1,3,2,1,1,0,0,2,2,11,-8.0,2026-09-24,RS,BAS,OLY,17.766666666666666,,,,,,,,0
2026,14,0,P012610   ,1,1.0,OLY,3,"WARD, TYSON",31:32,10,1,2,2,3,2,2,1,4,5,1,1,1,0,0,4,3,13,-3.0,2026-09-29,RS,ZAL,OLY,31.533333333333335,,,,,,,,0
2026,23,0,P012610   ,1,0.0,OLY,3,"WARD, TYSON",12:52,1,0,2,0,0,1,2,0,1,1,0,0,0,1,0,2,1,-1,1.0,2026-10-01,RS,VIR,OLY,12.866666666666667,12.0,24.65,1.0,12.0,24.65,-13.0,-11.783333333333331,1
2026,7,0,P012611   ,0,1.0,PRS,7,"HERRERA, SEBASTIAN",19:08,9,0,1,3,7,0,0,0,1,1,1,1,0,0,1,0,1,7,-10.0,2026-09-24,RS,PAN,PRS,19.133333333333333,,,,,,,,0
2026,18,1,P012611   ,1,0.0,PRS,7,"HERRERA, SEBASTIAN",19:55,9,0,1,3,5,0,0,0,1,1,2,0,0,0,0,1,0,8,-17.0,2026-09-29,RS,PRS,PAR,19.916666666666668,,,,,,,,0
2026,24,1,P012611   ,1,1.0,PRS,7,"HERRERA, SEBASTIAN",19:12,3,0,0,1,4,0,0,0,1,1,4,1,1,0,0,3,2,4,19.0,2026-10-01,RS,PRS,ZAL,19.2,7.5,19.525,0.5,7.5,19.525,-3.5,-0.3249999999999993,0
2026,2,0,P012613   ,0,0.0,MAD,20,"JANTUNEN, MIKAEL",19:57,10,2,2,2,3,0,0,0,1,1,0,0,0,1,0,2,1,10,0.0,2026-09-24,RS,DUB,MAD,19.95,,,,,,,,0
2026,11,0,P012613   ,0,1.0,MAD,20,"JANTUNEN, MIKAEL",18:43,7,1,3,1,6,2,2,1,2,3,2,0,0,0,0,3,3,5,-17.0,2026-09-29,RS,IST,MAD,18.716666666666665,,,,,,,,0
2026,22,0,P012613   ,1,1.0,MAD,20,"JANTUNEN, MIKAEL",22:50,7,1,1,1,3,2,3,2,2,4,2,0,0,0,0,3,3,10,5.0,2026-10-01,RS,HTA,MAD,22.833333333333332,7.5,19.333333333333332,0.0,7.5,19.333333333333332,2.5,3.5,0
2026,6,1,P012618   ,0,0.0,ASV,10,"MASSA, BODIAN",14:19,0,0,0,0,0,0,0,0,1,1,0,0,1,0,0,2,1,-1,4.0,2026-09-24,RS,ASV,TEL,14.316666666666666,,,,,,,,0
2026,20,0,P012618   ,0,1.0,ASV,10,"MASSA, BODIAN",21:41,5,2,7,0,0,1,2,4,1,5,2,2,2,0,0,2,2,6,-4.0,2026-09-30,RS,PAN,ASV,21.683333333333334,,,,,,,,0
2026,7,0,P012640   ,1,0.0,PRS,2,"HIFI, NADIR",22:13,11,3,7,1,6,2,3,1,1,2,2,0,3,0,2,0,7,7,7.0,2026-09-24,RS,PAN,PRS,22.216666666666665,,,,,,,,0
2026,18,1,P012640   ,1,0.0,PRS,2,"HIFI, NADIR",26:33,19,4,10,1,5,8,10,1,1,2,4,1,7,0,1,3,11,14,-5.0,2026-09-29,RS,PRS,PAR,26.55,,,,,,,,0
2026,24,1,P012640   ,1,1.0,PRS,2,"HIFI, NADIR",30:51,21,6,14,1,6,6,8,0,3,3,2,0,2,0,1,0,8,16,11.0,2026-10-01,RS,PRS,ZAL,30.85,10.5,24.383333333333333,1.0,10.5,24.383333333333333,5.5,6.466666666666669,0
2026,5,1,P012700   ,1,0.0,BAS,3,"STEWART, DJ",25:44,8,1,5,2,8,0,0,0,1,1,0,1,0,0,0,2,0,-2,-18.0,2026-09-24,RS,BAS,OLY,25.733333333333334,,,,,,,,0
2026,15,0,P012700   ,1,1.0,BAS,3,"STEWART, DJ",22:49,14,6,7,0,1,2,2,2,0,2,4,1,2,0,0,0,1,18,-14.0,2026-09-29,RS,PAM,BAS,22.816666666666666,,,,,,,,0
2026,9,0,P012707   ,1,1.0,VIR,2,"CARR, MARCUS",20:00,12,4,9,1,4,1,2,0,0,0,4,0,2,0,1,3,3,4,3.0,2026-09-25,RS,ULK,VIR,20.0,,,,,,,,0
2026,16,0,P012707   ,1,0.0,VIR,2,"CARR, MARCUS",22:55,10,3,9,1,3,1,2,0,2,2,9,1,1,0,2,1,2,11,7.0,2026-09-29,RS,MIL,VIR,22.916666666666668,,,,,,,,0
2026,23,1,P012707   ,1,1.0,VIR,2,"CARR, MARCUS",24:27,22,2,3,5,8,3,4,1,2,3,10,0,1,0,0,2,3,30,11.0,2026-10-01,RS,VIR,OLY,24.45,7.5,21.458333333333336,1.0,7.5,21.458333333333336,22.5,2.9916666666666636,0
2026,4,0,P012710   ,0,0.0,IST,24,"OSMANI, ERCAN",16:03,6,3,5,0,1,0,0,2,1,3,2,0,1,0,0,1,0,6,-8.0,2026-09-24,RS,BAR,IST,16.05,,,,,,,,0
2026,11,1,P012710   ,0,0.0,IST,24,"OSMANI, ERCAN",19:56,5,2,4,0,2,1,1,0,0,0,0,0,0,0,0,1,2,2,-1.0,2026-09-29,RS,IST,MAD,19.933333333333334,,,,,,,,0
2026,21,0,P012710   ,0,0.0,IST,24,"OSMANI, ERCAN",16:41,2,1,4,0,1,0,0,4,2,6,1,0,1,1,0,4,0,1,-10.0,2026-10-01,RS,RED,IST,16.683333333333334,4.0,17.991666666666667,0.0,4.0,17.991666666666667,-3.0,-1.3083333333333336,0
2026,7,1,P012712   ,0,1.0,PAN,41,"HERNANGOMEZ, JUANCHO",20:22,5,1,1,1,2,0,0,2,4,6,1,2,0,0,0,1,1,13,2.0,2026-09-24,RS,PAN,PRS,20.366666666666667,,,,,,,,0
2026,1,0,P012720   ,0,1.0,ZAL,0,"BROWN, STERLING",16:19,10,0,0,2,3,4,4,0,2,2,0,0,0,1,0,3,2,11,4.0,2026-09-24,RS,RED,ZAL,16.316666666666666,,,,,,,,0
2026,14,1,P012720   ,0,1.0,ZAL,0,"BROWN, STERLING",23:05,20,4,5,4,6,0,0,0,0,0,0,1,3,1,0,1,0,15,-10.0,2026-09-29,RS,ZAL,OLY,23.083333333333332,,,,,,,,0
2026,24,0,P012720   ,0,1.0,ZAL,0,"BROWN, STERLING",22:13,13,3,4,2,3,1,1,2,2,4,4,2,1,0,0,4,1,17,5.0,2026-10-01,RS,PRS,ZAL,22.216666666666665,13.0,19.7,0.0,13.0,19.7,4.0,2.5166666666666657,0
2026,5,0,P012731   ,0,0.0,OLY,24,"NDIAYE, MBAYE",07:35,4,1,1,0,0,2,3,0,0,0,0,0,1,1,0,3,2,2,8.0,2026-09-24,RS,BAS,OLY,7.583333333333333,,,,,,,,0
2026,14,0,P012731   ,0,0.0,OLY,24,"NDIAYE, MBAYE",18:36,9,3,3,0,0,3,4,0,0,0,0,2,1,0,0,1,3,11,0.0,2026-09-29,RS,ZAL,OLY,18.6,,,,,,,,0
2026,23,0,P012731   ,0,1.0,OLY,24,"NDIAYE, MBAYE",20:00,23,10,11,0,0,3,3,4,3,7,0,1,1,1,0,3,2,29,7.0,2026-10-01,RS,VIR,OLY,20.0,6.5,13.091666666666667,0.0,6.5,13.091666666666667,22.5,6.908333333333333,0
2026,8,0,P012738   ,1,0.0,PAM,3,"REUVERS, NATHAN",21:05,5,1,3,1,2,0,0,3,0,3,0,1,2,0,0,2,1,3,-11.0,2026-09-25,RS,BES,PAM,21.083333333333332,,,,,,,,0
2026,15,1,P012738   ,1,0.0,PAM,3,"REUVERS, NATHAN",10:57,7,2,4,0,1,3,3,2,0,2,1,1,1,0,0,2,2,7,16.0,2026-09-29,RS,PAM,BAS,10.95,,,,,,,,0
2026,4,0,P012742   ,0,0.0,IST,15,"DOZIER, PJ",13:26,3,0,1,1,4,0,0,1,2,3,0,0,0,0,0,2,0,0,-6.0,2026-09-24,RS,BAR,IST,13.433333333333334,,,,,,,,0
2026,11,1,P012742   ,1,1.0,IST,15,"DOZIER, PJ",18:08,18,4,7,2,3,4,4,1,0,1,3,2,2,0,0,2,2,18,12.0,2026-09-29,RS,IST,MAD,18.133333333333333,,,,,,,,0
2026,21,0,P012742   ,0,0.0,IST,15,"DOZIER, PJ",13:25,4,2,5,0,3,0,0,2,1,3,2,0,1,0,0,3,1,0,5.0,2026-10-01,RS,RED,IST,13.416666666666666,9.0,15.783333333333333,0.5,9.0,15.783333333333333,-9.0,-2.366666666666667,1
2026,3,1,P012788   ,1,1.0,HTA,25,"OTURU, DAN",29:04,20,10,11,0,0,0,0,5,7,12,3,2,3,2,0,4,1,32,0.0,2026-09-24,RS,HTA,MUN,29.066666666666666,,,,,,,,0
2026,12,0,P012788   ,1,1.0,HTA,25,"OTURU, DAN",19:13,5,2,5,0,0,1,5,3,3,6,0,1,0,3,0,3,4,9,-7.0,2026-09-29,RS,RED,HTA,19.216666666666665,,,,,,,,0
2026,22,1,P012788   ,0,0.0,HTA,25,"OTURU, DAN",16:44,7,3,6,0,0,1,1,1,3,4,0,0,2,1,0,4,1,4,11.0,2026-10-01,RS,HTA,MAD,16.733333333333334,20.5,24.141666666666666,1.0,20.5,24.141666666666666,-16.5,-7.408333333333331,1
2026,2,1,P012796   ,1,1.0,DUB,17,"KABENGELE, MFIONDU",24:17,9,0,4,2,6,3,4,1,6,7,3,0,2,2,1,0,3,12,12.0,2026-09-24,RS,DUB,MAD,24.283333333333335,,,,,,,,0
2026,13,1,P012796   ,1,1.0,DUB,17,"KABENGELE, MFIONDU",24:41,21,5,8,3,3,2,2,3,3,6,0,0,1,1,0,1,1,24,-4.0,2026-09-29,RS,DUB,BAR,24.683333333333334,,,,,,,,0
2026,10,0,P012878   ,1,0.0,MIL,5,"WRIGHT, MOSES",27:29,6,2,4,0,1,2,3,2,5,7,3,0,4,0,0,3,3,8,-7.0,2026-09-25,RS,PAR,MIL,27.483333333333334,,,,,,,,0
2026,16,1,P012878   ,1,1.0,MIL,5,"WRIGHT, MOSES",26:09,11,4,5,0,0,3,4,4,3,7,0,0,2,0,0,2,4,16,1.0,2026-09-29,RS,MIL,VIR,26.15,,,,,,,,0
2026,8,1,P013250   ,1,0.0,BES,5,"DEJULIUS, DAVID",12:39,4,2,4,0,0,0,0,0,1,1,4,1,1,0,0,1,0,6,-11.0,2026-09-25,RS,BES,PAM,12.65,,,,,,,,0
2026,19,0,P013250   ,0,0.0,BES,5,"DEJULIUS, DAVID",DNP,0,0,0,0,0,0,0,0,0,0,0,0,0,0,0,0,0,0,0.0,2026-09-30,RS,TEL,BES,,,,,,,,,0
2026,6,1,P013269   ,0,0.0,ASV,0,"CALE, MYLES",09:03,0,0,1,0,2,0,0,0,1,1,1,0,1,0,0,0,0,-2,0.0,2026-09-24,RS,ASV,TEL,9.05,,,,,,,,0
2026,20,0,P013269   ,0,1.0,ASV,0,"CALE, MYLES",19:34,6,3,5,0,2,0,1,3,2,5,1,1,1,0,1,1,1,6,-13.0,2026-09-30,RS,PAN,ASV,19.566666666666666,,,,,,,,0
2026,3,0,P013278   ,1,0.0,MUN,50,"WILEY, AUSTIN",10:51,6,2,4,0,0,2,2,1,4,5,0,1,2,0,1,4,1,4,-5.0,2026-09-24,RS,HTA,MUN,10.85,,,,,,,,0
2026,17,0,P013278   ,1,1.0,MUN,50,"WILEY, AUSTIN",16:36,8,4,6,0,0,0,0,0,5,5,0,0,4,2,0,2,0,7,-23.0,2026-09-29,RS,ULK,MUN,16.6,,,,,,,,0
2026,3,1,P013284   ,1,0.0,HTA,12,"WAINRIGHT, ISH",16:45,2,1,3,0,2,0,0,2,2,4,1,2,2,1,0,1,1,4,-4.0,2026-09-24,RS,HTA,MUN,16.75,,,,,,,,0
2026,12,0,P013284   ,0,1.0,HTA,12,"WAINRIGHT, ISH",17:19,5,0,1,1,3,2,2,2,0,2,0,1,0,1,0,2,2,6,-7.0,2026-09-29,RS,RED,HTA,17.316666666666666,,,,,,,,0
2026,22,1,P013284   ,0,1.0,HTA,12,"WAINRIGHT, ISH",23:22,0,0,0,0,0,0,0,0,1,1,0,1,0,0,0,3,0,-1,7.0,2026-10-01,RS,HTA,MAD,23.366666666666667,5.0,17.03333333333333,0.5,5.0,17.03333333333333,-6.0,6.333333333333336,1
2026,8,1,P013285   ,0,1.0,BES,1,"DOTSON, DEVON",22:07,9,1,1,1,2,4,6,0,0,0,4,0,1,0,0,3,6,12,-6.0,2026-09-25,RS,BES,PAM,22.116666666666667,,,,,,,,0
2026,19,0,P013285   ,1,0.0,BES,1,"DOTSON, DEVON",25:37,17,2,3,3,5,4,4,0,4,4,4,0,1,0,0,4,7,24,15.0,2026-09-30,RS,TEL,BES,25.616666666666667,,,,,,,,0
2026,3,0,P013290   ,0,0.0,MUN,10,"JESSUP, JUSTINIAN",15:21,11,2,3,2,4,1,1,0,0,0,0,1,0,0,1,0,1,9,-4.0,2026-09-24,RS,HTA,MUN,15.35,,,,,,,,0
2026,17,0,P013290   ,0,0.0,MUN,10,"JESSUP, JUSTINIAN",11:43,4,1,2,0,2,2,2,2,0,2,2,0,3,0,0,2,1,1,2.0,2026-09-29,RS,ULK,MUN,11.716666666666667,,,,,,,,0
2026,1,1,P013363   ,1,1.0,RED,33,"NWORA, JORDAN",22:02,10,3,8,0,1,4,6,1,4,5,1,0,1,0,2,2,4,7,-5.0,2026-09-24,RS,RED,ZAL,22.033333333333335,,,,,,,,0
2026,12,1,P013363   ,1,1.0,RED,33,"NWORA, JORDAN",23:39,13,3,7,0,3,7,9,0,5,5,1,1,1,0,0,2,6,14,-2.0,2026-09-29,RS,RED,HTA,23.65,,,,,,,,0
2026,21,1,P013363   ,0,1.0,RED,33,"NWORA, JORDAN",21:01,12,4,6,1,3,1,3,1,4,5,0,0,3,0,1,1,3,9,0.0,2026-10-01,RS,RED,IST,21.016666666666666,10.5,22.84166666666667,1.0,10.5,22.84166666666667,-1.5,-1.8250000000000028,0
2026,9,1,P013367   ,1,1.0,ULK,11,"FORREST, TRENT",25:19,4,2,4,0,3,0,0,3,2,5,3,1,1,0,0,1,1,7,12.0,2026-09-25,RS,ULK,VIR,25.316666666666666,,,,,,,,0
2026,17,1,P013367   ,1,0.0,ULK,11,"FORREST, TRENT",18:48,4,0,1,1,1,1,2,1,1,2,3,0,0,0,0,0,1,8,-3.0,2026-09-29,RS,ULK,MUN,18.8,,,,,,,,0
2026,10,1,P013369   ,1,1.0,PAR,1,"JONES, CARLIK",26:52,20,2,5,4,6,4,4,2,2,4,10,0,0,0,0,1,5,33,9.0,2026-09-25,RS,PAR,MIL,26.866666666666667,,,,,,,,0
2026,18,0,P013369   ,1,1.0,PAR,1,"JONES, CARLIK",23:16,20,6,9,0,2,8,9,1,0,1,5,3,2,0,0,0,5,26,6.0,2026-09-29,RS,PRS,PAR,23.266666666666666,,,,,,,,0
2026,17,0,P013370   ,0,0.0,MUN,4,"WASHINGTON, DUANE",17:46,20,5,6,3,6,1,2,0,0,0,2,2,2,0,1,2,2,16,-5.0,2026-09-29,RS,ULK,MUN,17.766666666666666,,,,,,,,0
2026,7,0,P013373   ,0,1.0,PRS,4,"CAVALIERE, LEOPOLD",15:26,3,0,0,1,1,0,0,1,0,1,2,2,1,0,0,2,0,5,4.0,2026-09-24,RS,PAN,PRS,15.433333333333334,,,,,,,,0
2026,18,1,P013373   ,0,1.0,PRS,4,"CAVALIERE, LEOPOLD",14:19,4,2,2,0,1,0,0,2,1,3,2,0,0,0,0,3,1,6,-3.0,2026-09-29,RS,PRS,PAR,14.316666666666666,,,,,,,,0
2026,24,1,P013373   ,0,1.0,PRS,4,"CAVALIERE, LEOPOLD",15:03,8,2,2,1,1,1,2,1,1,2,1,0,0,0,0,1,1,10,7.0,2026-10-01,RS,PRS,ZAL,15.05,5.5,14.875,0.0,5.5,14.875,4.5,0.1750000000000007,0
2026,9,0,P013374   ,0,0.0,VIR,35,"DIOUF, MOUHAMET",12:37,7,1,2,0,0,5,6,2,1,3,0,1,1,0,0,3,4,9,-15.0,2026-09-25,RS,ULK,VIR,12.616666666666667,,,,,,,,0
2026,16,0,P013374   ,0,0.0,VIR,35,"DIOUF, MOUHAMET",10:34,4,2,3,0,0,0,0,0,0,0,0,0,0,0,0,2,0,1,-3.0,2026-09-29,RS,MIL,VIR,10.566666666666666,,,,,,,,0
2026,23,1,P013374   ,0,0.0,VIR,35,"DIOUF, MOUHAMET",12:17,6,3,3,0,0,0,1,1,2,3,0,0,1,0,0,1,1,7,3.0,2026-10-01,RS,VIR,OLY,12.283333333333333,5.0,11.591666666666667,0.0,5.0,11.591666666666667,2.0,0.6916666666666664,0
2026,5,0,P013380   ,0,0.0,OLY,94,"FOURNIER, EVAN",24:46,7,2,2,1,4,0,0,0,1,1,3,1,1,0,0,2,0,6,24.0,2026-09-24,RS,BAS,OLY,24.766666666666666,,,,,,,,0
2026,14,0,P013380   ,0,1.0,OLY,94,"FOURNIER, EVAN",20:09,19,4,7,2,5,5,6,0,1,1,0,1,2,0,0,2,3,13,4.0,2026-09-29,RS,ZAL,OLY,20.15,,,,,,,,0
2026,23,0,P013380   ,0,1.0,OLY,94,"FOURNIER, EVAN",20:00,6,1,3,1,6,1,1,1,6,7,2,1,2,0,0,3,3,7,7.0,2026-10-01,RS,VIR,OLY,20.0,9.5,22.458333333333332,0.0,9.5,22.458333333333332,-2.5,-2.458333333333332,0
2026,6,0,P013381   ,0,1.0,TEL,11,"RAYMAN, WILLIAM",10:57,0,0,1,0,0,0,0,1,0,1,0,1,0,0,0,2,2,1,-2.0,2026-09-24,RS,ASV,TEL,10.95,,,,,,,,0
2026,19,1,P013381   ,0,0.0,TEL,11,"RAYMAN, WILLIAM",02:47,0,0,1,0,0,0,0,1,0,1,0,0,0,0,0,1,0,-1,-4.0,2026-09-30,RS,TEL,BES,2.783333333333333,,,,,,,,0
2026,8,1,P013383   ,0,0.0,BES,32,"GABRIEL, WENYEN",15:00,6,2,2,0,0,2,2,0,2,2,0,0,0,1,0,3,1,7,10.0,2026-09-25,RS,BES,PAM,15.0,,,,,,,,0
2026,19,0,P013383   ,0,0.0,BES,32,"GABRIEL, WENYEN",07:08,0,0,1,0,0,0,0,0,0,0,1,0,1,0,0,2,1,-2,-1.0,2026-09-30,RS,TEL,BES,7.133333333333334,,,,,,,,0
2026,8,0,P013384   ,0,1.0,PAM,12,"BROOKS, ARMONI",23:22,10,2,5,2,6,0,0,1,4,5,3,0,2,0,1,1,0,7,-8.0,2026-09-25,RS,BES,PAM,23.366666666666667,,,,,,,,0
2026,15,1,P013384   ,0,0.0,PAM,12,"BROOKS, ARMONI",18:15,17,2,2,4,7,1,2,0,1,1,2,3,1,0,0,2,2,18,18.0,2026-09-29,RS,PAM,BAS,18.25,,,,,,,,0
2026,3,1,P013402   ,0,1.0,HTA,2,"BLAKENEY, ANTONIO",27:21,11,2,4,2,8,1,1,0,2,2,2,0,1,0,0,1,2,7,1.0,2026-09-24,RS,HTA,MUN,27.35,,,,,,,,0
2026,12,0,P013402   ,0,1.0,HTA,2,"BLAKENEY, ANTONIO",25:26,12,2,5,1,6,5,6,0,2,2,1,1,0,0,0,2,3,8,5.0,2026-09-29,RS,RED,HTA,25.433333333333334,,,,,,,,0
2026,22,1,P013402   ,0,0.0,HTA,2,"BLAKENEY, ANTONIO",24:03,12,4,5,0,4,4,6,0,0,0,0,1,0,0,0,1,4,9,10.0,2026-10-01,RS,HTA,MAD,24.05,7.5,26.391666666666666,0.0,7.5,26.391666666666666,1.5,-2.341666666666665,0
2026,17,1,P013506   ,0,1.0,ULK,1,"BINGHAM, MARCUS",15:42,12,3,3,2,4,0,1,0,3,3,0,2,1,1,0,2,3,15,14.0,2026-09-29,RS,ULK,MUN,15.7,,,,,,,,0
2026,4,0,P013667   ,1,1.0,IST,20,"FERNANDO, BRUNO",17:45,6,3,4,0,0,0,0,0,3,3,0,1,1,0,1,4,0,3,9.0,2026-09-24,RS,BAR,IST,17.75,,,,,,,,0
2026,11,1,P013667   ,1,0.0,IST,20,"FERNANDO, BRUNO",18:35,8,4,4,0,0,0,0,1,3,4,0,0,1,0,0,4,3,10,-5.0,2026-09-29,RS,IST,MAD,18.583333333333332,,,,,,,,0
2026,21,0,P013667   ,1,1.0,IST,20,"FERNANDO, BRUNO",23:14,4,2,4,0,0,0,0,1,2,3,1,2,5,1,0,2,2,4,-3.0,2026-10-01,RS,RED,IST,23.233333333333334,6.5,18.166666666666664,1.0,6.5,18.166666666666664,-2.5,5.06666666666667,0
2026,6,0,P013699   ,0,0.0,TEL,2,"CLARK III, JIMMY",13:32,9,3,5,1,3,0,0,1,3,4,6,0,3,0,0,5,0,7,-1.0,2026-09-24,RS,ASV,TEL,13.533333333333333,,,,,,,,0
2026,19,1,P013699   ,1,1.0,TEL,2,"CLARK III, JIMMY",23:34,15,5,8,1,3,2,2,0,3,3,5,3,3,0,0,2,3,19,-6.0,2026-09-30,RS,TEL,BES,23.566666666666666,,,,,,,,0
2026,4,1,P013855   ,0,0.0,BAR,1,"GIBSON, UMOJA",17:40,10,2,2,2,4,0,0,2,4,6,2,0,0,0,0,1,0,15,6.0,2026-09-24,RS,BAR,IST,17.666666666666668,,,,,,,,0
2026,13,0,P013855   ,0,1.0,BAR,1,"GIBSON, UMOJA",25:20,12,3,4,2,6,0,0,1,1,2,2,3,2,0,0,2,2,12,-5.0,2026-09-29,RS,DUB,BAR,25.333333333333332,,,,,,,,0
2026,6,1,P013900   ,1,0.0,ASV,14,"GACH, BOTH",17:06,5,1,3,1,1,0,0,0,0,0,1,0,1,0,0,2,1,2,-11.0,2026-09-24,RS,ASV,TEL,17.1,,,,,,,,0
2026,20,0,P013900   ,1,0.0,ASV,14,"GACH, BOTH",12:43,6,0,3,2,3,0,0,0,0,0,1,0,0,0,1,3,0,-1,-16.0,2026-09-30,RS,PAN,ASV,12.716666666666667,,,,,,,,0
2026,10,0,P013929   ,1,0.0,MIL,2,"COLE, RJ",08:13,0,0,0,0,1,0,0,0,0,0,0,0,2,0,0,3,0,-6,-7.0,2026-09-25,RS,PAR,MIL,8.216666666666667,,,,,,,,0
2026,16,1,P013929   ,0,0.0,MIL,2,"COLE, RJ",15:53,11,3,4,1,5,2,2,0,2,2,3,0,2,0,1,3,3,8,5.0,2026-09-29,RS,MIL,VIR,15.883333333333333,,,,,,,,0
2026,4,0,P013943   ,0,0.0,IST,11,"RUSSELL, DARON",04:57,3,1,4,0,1,1,1,0,1,1,1,1,0,0,0,1,1,2,0.0,2026-09-24,RS,BAR,IST,4.95,,,,,,,,0
2026,11,1,P013943   ,0,0.0,IST,11,"RUSSELL, DARON",08:10,5,1,3,1,2,0,0,0,1,1,1,1,1,0,0,1,1,4,12.0,2026-09-29,RS,IST,MAD,8.166666666666666,,,,,,,,0
2026,21,0,P013943   ,0,0.0,IST,11,"RUSSELL, DARON",12:28,3,0,2,1,3,0,0,1,2,3,2,0,0,0,0,1,2,5,-6.0,2026-10-01,RS,RED,IST,12.466666666666667,3.0,6.558333333333334,0.0,3.0,6.558333333333334,2.0,5.908333333333333,0
2026,9,0,P014005   ,1,1.0,VIR,21,"ALSTON JR., DERRICK",25:53,10,2,5,2,5,0,0,0,2,2,1,0,1,0,0,3,1,4,-11.0,2026-09-25,RS,ULK,VIR,25.883333333333333,,,,,,,,0
2026,16,0,P014005   ,1,1.0,VIR,21,"ALSTON JR., DERRICK",19:40,10,2,5,1,6,3,3,0,0,0,0,1,0,0,0,1,3,5,-6.0,2026-09-29,RS,MIL,VIR,19.666666666666668,,,,,,,,0
2026,23,1,P014005   ,1,1.0,VIR,21,"ALSTON JR., DERRICK",25:37,17,4,5,2,8,3,4,0,0,0,3,1,2,0,1,1,3,12,21.0,2026-10-01,RS,VIR,OLY,25.616666666666667,4.5,22.775,1.0,4.5,22.775,7.5,2.8416666666666686,0
2026,11,0,P014006   ,0,1.0,MAD,8,"OKEKE, CHUMA",20:05,11,1,1,3,6,0,0,0,4,4,1,0,1,1,0,0,1,14,7.0,2026-09-29,RS,IST,MAD,20.083333333333332,,,,,,,,0
2026,22,0,P014006   ,0,0.0,MAD,8,"OKEKE, CHUMA",13:57,8,2,4,1,4,1,2,1,1,2,1,0,0,0,1,0,1,5,-4.0,2026-10-01,RS,HTA,MAD,13.95,,,,,,,,0
2026,4,1,P014008   ,1,1.0,BAR,5,"ROBINSON, JUSTIN",22:20,10,1,2,2,5,2,2,0,2,2,2,0,3,0,0,1,3,9,1.0,2026-09-24,RS,BAR,IST,22.333333333333332,,,,,,,,0
2026,13,0,P014008   ,1,0.0,BAR,5,"ROBINSON, JUSTIN",14:40,7,0,2,2,5,1,2,0,1,1,5,0,0,0,1,4,3,5,-2.0,2026-09-29,RS,DUB,BAR,14.666666666666666,,,,,,,,0
2026,10,1,P014009   ,1,1.0,PAR,11,"STEVENS, LAMAR",23:33,11,5,9,0,1,1,1,0,5,5,0,2,0,0,0,0,1,14,4.0,2026-09-25,RS,PAR,MIL,23.55,,,,,,,,0
2026,18,0,P014009   ,1,0.0,PAR,11,"STEVENS, LAMAR",18:36,8,1,1,2,3,0,0,0,3,3,2,0,3,1,0,1,1,10,8.0,2026-09-29,RS,PRS,PAR,18.6,,,,,,,,0
2026,7,0,P014010   ,0,0.0,PRS,13,"DOKOSSI, ALLAN",20:50,4,2,2,0,0,0,0,2,3,5,4,2,2,1,0,2,0,12,1.0,2026-09-24,RS,PAN,PRS,20.833333333333332,,,,,,,,0
2026,18,1,P014010   ,0,0.0,PRS,13,"DOKOSSI, ALLAN",20:00,0,0,0,0,0,0,0,1,0,1,4,1,3,0,0,4,0,-1,-5.0,2026-09-29,RS,PRS,PAR,20.0,,,,,,,,0
2026,24,1,P014010   ,0,1.0,PRS,13,"DOKOSSI, ALLAN",21:44,8,4,4,0,0,0,0,5,3,8,1,1,1,1,0,1,0,17,2.0,2026-10-01,RS,PRS,ZAL,21.733333333333334,5.5,20.416666666666664,0.0,5.5,20.416666666666664,11.5,1.31666666666667,0
2026,19,1,P014012   ,0,0.0,TEL,22,"LEAF, TJ",09:36,4,2,3,0,1,0,0,0,0,0,0,0,0,0,0,4,0,-2,-2.0,2026-09-30,RS,TEL,BES,9.6,,,,,,,,0
2026,6,0,P014015   ,0,0.0,TEL,5,"BACOT JR., ARMANDO",03:17,0,0,0,0,0,0,0,0,0,0,1,0,0,0,0,0,0,1,-10.0,2026-09-24,RS,ASV,TEL,3.283333333333333,,,,,,,,0
2026,19,1,P014015   ,0,0.0,TEL,5,"BACOT JR., ARMANDO",DNP,0,0,0,0,0,0,0,0,0,0,0,0,0,0,0,0,0,0,0.0,2026-09-30,RS,TEL,BES,,,,,,,,,0
2026,5,1,P014026   ,0,0.0,BAS,25,"FRISCH, CLEMENT",01:09,0,0,0,0,0,0,0,0,0,0,0,0,0,0,0,0,0,0,-5.0,2026-09-24,RS,BAS,OLY,1.15,,,,,,,,0
2026,15,0,P014026   ,0,1.0,BAS,25,"FRISCH, CLEMENT",07:41,5,1,1,0,0,3,4,1,1,2,0,0,0,0,0,1,2,7,-5.0,2026-09-29,RS,PAM,BAS,7.683333333333334,,,,,,,,0
2026,2,1,P014027   ,0,1.0,DUB,21,"DIAKITE, MAMADI",15:53,6,0,1,2,3,0,0,0,2,2,1,1,0,1,0,3,1,7,-11.0,2026-09-24,RS,DUB,MAD,15.883333333333333,,,,,,,,0
2026,13,1,P014027   ,0,0.0,DUB,21,"DIAKITE, MAMADI",15:25,7,1,1,1,2,2,2,0,0,0,2,1,2,2,1,2,1,7,11.0,2026-09-29,RS,DUB,BAR,15.416666666666666,,,,,,,,0
2026,1,1,P014029   ,0,0.0,RED,15,"IZUNDU, EBUKA",15:22,7,2,6,0,0,3,4,4,0,4,0,2,0,1,0,3,3,9,3.0,2026-09-24,RS,RED,ZAL,15.366666666666667,,,,,,,,0
2026,12,1,P014029   ,0,0.0,RED,15,"IZUNDU, EBUKA",16:54,5,2,7,0,0,1,2,5,4,9,0,0,0,0,0,3,1,6,-7.0,2026-09-29,RS,RED,HTA,16.9,,,,,,,,0
2026,21,1,P014029   ,1,1.0,RED,15,"IZUNDU, EBUKA",18:04,2,1,4,0,0,0,0,1,3,4,1,1,3,0,0,3,0,-1,-5.0,2026-10-01,RS,RED,IST,18.066666666666666,7.5,16.133333333333333,0.0,7.5,16.133333333333333,-8.5,1.9333333333333336,1
2026,2,1,P014031   ,0,0.0,DUB,11,"KONDIC, KOSTA",DNP,0,0,0,0,0,0,0,0,0,0,0,0,0,0,0,0,0,0,0.0,2026-09-24,RS,DUB,MAD,,,,,,,,,0
2026,13,1,P014031   ,0,0.0,DUB,11,"KONDIC, KOSTA",DNP,0,0,0,0,0,0,0,0,0,0,0,0,0,0,0,0,0,0,0.0,2026-09-29,RS,DUB,BAR,,,,,,,,,0
2026,1,1,P014094   ,0,0.0,RED,2,"MILJENOVIC, STEFAN",00:20,0,0,0,0,0,0,0,0,0,0,0,0,0,0,0,1,0,-1,0.0,2026-09-24,RS,RED,ZAL,0.3333333333333333,,,,,,,,0
2026,12,1,P014094   ,0,0.0,RED,2,"MILJENOVIC, STEFAN",05:27,3,0,1,1,1,0,0,0,0,0,0,0,1,0,1,2,1,-1,4.0,2026-09-29,RS,RED,HTA,5.45,,,,,,,,0
2026,21,1,P014094   ,0,0.0,RED,2,"MILJENOVIC, STEFAN",03:05,0,0,0,0,0,0,0,0,0,0,1,1,0,0,0,0,0,2,2.0,2026-10-01,RS,RED,IST,3.0833333333333335,-1.0,2.8916666666666666,0.0,-1.0,2.8916666666666666,3.0,0.19166666666666687,0
2026,4,0,P014102   ,0,0.0,IST,88,"JONES, KAI",15:33,2,1,1,0,0,0,0,2,3,5,1,0,0,0,0,1,0,7,-7.0,2026-09-24,RS,BAR,IST,15.55,,,,,,,,0
2026,11,1,P014102   ,0,0.0,IST,88,"JONES, KAI",18:00,5,2,3,0,0,1,1,1,2,3,0,3,1,2,0,0,1,12,8.0,2026-09-29,RS,IST,MAD,18.0,,,,,,,,0
2026,21,0,P014102   ,0,0.0,IST,88,"JONES, KAI",07:54,0,0,0,0,0,0,0,2,3,5,0,0,0,1,0,0,1,7,-2.0,2026-10-01,RS,RED,IST,7.9,9.5,16.775,0.0,9.5,16.775,-2.5,-8.874999999999998,0
2026,5,1,P014107   ,0,1.0,BAS,6,"JOKSIMOVIC, STEFAN",09:04,0,0,1,0,1,0,0,0,0,0,3,1,3,0,0,0,0,-1,-14.0,2026-09-24,RS,BAS,OLY,9.066666666666666,,,,,,,,0
2026,15,0,P014107   ,0,1.0,BAS,6,"JOKSIMOVIC, STEFAN",08:15,2,1,3,0,0,0,0,1,2,3,4,1,0,1,1,2,1,7,3.0,2026-09-29,RS,PAM,BAS,8.25,,,,,,,,0
2026,9,0,P014108   ,1,0.0,VIR,31,"DIARRA, ALIOU",21:44,8,3,5,0,0,2,2,0,1,1,1,0,0,1,0,1,2,10,7.0,2026-09-25,RS,ULK,VIR,21.733333333333334,,,,,,,,0
2026,16,0,P014108   ,0,1.0,VIR,31,"DIARRA, ALIOU",23:11,15,6,9,0,0,3,4,2,5,7,0,1,1,4,0,3,3,22,-2.0,2026-09-29,RS,MIL,VIR,23.183333333333334,,,,,,,,0
2026,23,1,P014108   ,1,0.0,VIR,31,"DIARRA, ALIOU",25:09,18,8,11,0,0,2,4,6,8,14,0,1,0,1,0,3,4,30,1.0,2026-10-01,RS,VIR,OLY,25.15,16.0,22.458333333333336,0.5,16.0,22.458333333333336,14.0,2.691666666666663,0
2026,8,0,P014115   ,0,0.0,PAM,10,"MOORE, OMARI",12:50,2,1,5,0,1,0,0,3,2,5,2,0,0,0,0,1,0,3,-9.0,2026-09-25,RS,BES,PAM,12.833333333333334,,,,,,,,0
2026,15,1,P014115   ,0,1.0,PAM,10,"MOORE, OMARI",19:50,10,4,9,0,0,2,3,3,0,3,6,0,2,0,1,0,2,12,3.0,2026-09-29,RS,PAM,BAS,19.833333333333332,,,,,,,,0
2026,9,1,P014124   ,1,1.0,ULK,8,"HORTON TUCKER, TALEN",22:56,13,1,4,2,3,5,5,0,3,3,1,1,2,0,0,3,6,15,6.0,2026-09-25,RS,ULK,VIR,22.933333333333334,,,,,,,,0
2026,17,1,P014124   ,1,0.0,ULK,8,"HORTON TUCKER, TALEN",19:27,19,5,9,2,5,3,3,2,3,5,4,0,0,1,0,0,3,25,16.0,2026-09-29,RS,ULK,MUN,19.45,,,,,,,,0
2026,6,0,P014127   ,0,1.0,TEL,10,"BRISSETT, O'SHAE J",26:04,8,3,5,0,6,2,2,0,7,7,0,2,0,0,0,1,2,10,1.0,2026-09-24,RS,ASV,TEL,26.066666666666666,,,,,,,,0
2026,19,1,P014127   ,0,1.0,TEL,10,"BRISSETT, O'SHAE J",18:33,8,2,2,0,0,4,7,2,1,3,2,0,2,0,0,4,4,8,-10.0,2026-09-30,RS,TEL,BES,18.55,,,,,,,,0
2026,3,0,P014134   ,1,1.0,MUN,0,"NORRIS, MILES",21:52,4,2,2,0,2,0,0,2,2,4,0,1,3,1,0,3,0,2,4.0,2026-09-24,RS,HTA,MUN,21.866666666666667,,,,,,,,0
2026,17,0,P014134   ,1,0.0,MUN,0,"NORRIS, MILES",12:56,3,0,1,1,3,0,0,0,1,1,1,0,0,0,0,0,0,2,-8.0,2026-09-29,RS,ULK,MUN,12.933333333333334,,,,,,,,0
2026,5,1,P014152   ,1,0.0,BAS,2,"SIMMONS, KOBI",18:08,6,1,4,1,5,1,1,2,0,2,6,0,1,0,1,1,1,5,-1.0,2026-09-24,RS,BAS,OLY,18.133333333333333,,,,,,,,0
2026,15,0,P014152   ,0,0.0,BAS,2,"SIMMONS, KOBI",11:02,0,0,1,0,1,0,0,0,2,2,1,0,0,1,0,1,0,1,-7.0,2026-09-29,RS,PAM,BAS,11.033333333333333,,,,,,,,0
2026,1,1,P014163   ,0,0.0,RED,6,"BUTLER, JARED",17:13,11,1,4,3,7,0,0,1,1,2,4,0,1,1,0,1,2,11,2.0,2026-09-24,RS,RED,ZAL,17.216666666666665,,,,,,,,0
2026,12,1,P014163   ,0,1.0,RED,6,"BUTLER, JARED",18:46,19,3,5,4,7,1,1,1,1,2,2,0,0,1,1,3,2,17,9.0,2026-09-29,RS,RED,HTA,18.766666666666666,,,,,,,,0
2026,21,1,P014163   ,0,0.0,RED,6,"BUTLER, JARED",09:25,3,1,2,0,4,1,1,0,2,2,1,0,0,1,1,3,0,-2,5.0,2026-10-01,RS,RED,IST,9.416666666666666,14.0,17.991666666666667,0.0,14.0,17.991666666666667,-16.0,-8.575000000000001,0
2026,9,1,P014168   ,1,1.0,ULK,12,"KEY, BRAXTON",24:48,11,4,5,0,0,3,6,3,7,10,3,1,1,0,0,1,3,22,2.0,2026-09-25,RS,ULK,VIR,24.8,,,,,,,,0
2026,17,1,P014168   ,1,0.0,ULK,12,"KEY, BRAXTON",21:15,2,1,3,0,0,0,0,4,1,5,1,0,2,0,1,3,0,0,14.0,2026-09-29,RS,ULK,MUN,21.25,,,,,,,,0
2026,7,0,P014178   ,1,0.0,PRS,8,"RHODEN, JARED",18:03,11,3,5,1,3,2,2,1,0,1,1,0,4,1,0,3,2,5,-23.0,2026-09-24,RS,PAN,PRS,18.05,,,,,,,,0
2026,18,1,P014178   ,0,1.0,PRS,8,"RHODEN, JARED",17:46,14,5,6,1,5,1,1,4,5,9,1,0,4,0,0,2,3,16,-1.0,2026-09-29,RS,PRS,PAR,17.766666666666666,,,,,,,,0
2026,24,1,P014178   ,1,0.0,PRS,8,"RHODEN, JARED",24:19,9,3,8,0,2,3,4,3,1,4,4,1,0,2,1,2,2,11,6.0,2026-10-01,RS,PRS,ZAL,24.316666666666666,10.5,17.90833333333333,0.5,10.5,17.90833333333333,0.5,6.408333333333335,0
2026,8,1,P014207   ,1,1.0,BES,20,"OMORUYI, EUGENE",26:16,17,4,5,1,6,6,8,0,4,4,3,1,4,0,0,4,6,15,3.0,2026-09-25,RS,BES,PAM,26.266666666666666,,,,,,,,0
2026,19,0,P014207   ,0,0.0,BES,20,"OMORUYI, EUGENE",19:49,11,2,7,1,2,4,6,1,1,2,3,0,0,0,2,3,4,7,6.0,2026-09-30,RS,TEL,BES,19.816666666666666,,,,,,,,0
2026,9,0,P014219   ,0,0.0,VIR,24,"FERRARI, FRANCESCO",03:58,2,1,1,0,0,0,0,1,0,1,0,0,0,0,0,0,0,3,5.0,2026-09-25,RS,ULK,VIR,3.966666666666667,,,,,,,,0
2026,16,0,P014219   ,0,0.0,VIR,24,"FERRARI, FRANCESCO",00:21,0,0,0,0,0,0,0,0,0,0,0,0,0,0,0,0,0,0,-2.0,2026-09-29,RS,MIL,VIR,0.35,,,,,,,,0
2026,23,1,P014219   ,0,0.0,VIR,24,"FERRARI, FRANCESCO",00:35,0,0,0,0,0,0,0,0,0,0,0,0,0,0,0,0,0,0,0.0,2026-10-01,RS,VIR,OLY,0.5833333333333334,1.5,2.158333333333333,0.0,1.5,2.158333333333333,-1.5,-1.5749999999999997,0
2026,9,1,P014220   ,0,0.0,ULK,30,"SILVA, CHRIS",06:30,3,1,1,0,0,1,2,1,1,2,0,0,2,0,0,3,1,0,1.0,2026-09-25,RS,ULK,VIR,6.5,,,,,,,,0
2026,17,1,P014220   ,0,0.0,ULK,30,"SILVA, CHRIS",08:39,2,1,3,0,0,0,0,0,0,0,0,0,2,1,0,3,1,-3,-2.0,2026-09-29,RS,ULK,MUN,8.65,,,,,,,,0
2026,5,0,P014316   ,0,1.0,OLY,34,"JOSEPH, CORY",15:19,2,1,1,0,1,0,0,0,0,0,0,0,0,0,0,3,0,-2,4.0,2026-09-24,RS,BAS,OLY,15.316666666666666,,,,,,,,0
2026,23,0,P014316   ,0,0.0,OLY,34,"JOSEPH, CORY",07:11,4,2,2,0,1,0,0,0,0,0,0,0,1,0,0,0,0,2,-3.0,2026-10-01,RS,VIR,OLY,7.183333333333334,,,,,,,,0
2026,9,0,P014416   ,0,1.0,VIR,9,"EDWARDS, KESSLER",23:54,2,1,1,0,0,0,0,1,6,7,1,0,0,1,0,1,2,12,-18.0,2026-09-25,RS,ULK,VIR,23.9,,,,,,,,0
2026,16,0,P014416   ,1,1.0,VIR,9,"EDWARDS, KESSLER",25:54,6,0,0,2,3,0,0,0,6,6,1,1,1,0,0,1,2,13,2.0,2026-09-29,RS,MIL,VIR,25.9,,,,,,,,0
2026,23,1,P014416   ,1,1.0,VIR,9,"EDWARDS, KESSLER",26:32,6,2,5,0,5,2,2,4,2,6,1,1,1,0,1,0,3,7,9.0,2026-10-01,RS,VIR,OLY,26.533333333333335,12.5,24.9,0.5,12.5,24.9,-5.5,1.6333333333333364,1
2026,2,1,P014731   ,0,0.0,DUB,6,"MINTZ, DAVION",09:47,3,0,1,1,4,0,0,1,0,1,0,0,1,1,1,0,0,-1,-6.0,2026-09-24,RS,DUB,MAD,9.783333333333333,,,,,,,,0
2026,13,1,P014731   ,0,0.0,DUB,6,"MINTZ, DAVION",12:12,3,1,2,0,1,1,1,1,0,1,2,0,1,0,0,1,2,4,-2.0,2026-09-29,RS,DUB,BAR,12.2,,,,,,,,0
2026,3,0,P014732   ,1,1.0,MUN,3,"BEAUCHAMP, MARJON",21:43,8,1,6,2,3,0,0,0,3,3,2,3,2,0,1,3,1,5,9.0,2026-09-24,RS,HTA,MUN,21.716666666666665,,,,,,,,0
2026,17,0,P014732   ,1,1.0,MUN,3,"BEAUCHAMP, MARJON",20:58,7,3,4,0,3,1,1,0,2,2,3,1,1,0,0,1,2,9,-16.0,2026-09-29,RS,ULK,MUN,20.966666666666665,,,,,,,,0
2026,9,1,P014733   ,0,0.0,ULK,9,"JUZANG, JOHNNY",DNP,0,0,0,0,0,0,0,0,0,0,0,0,0,0,0,0,0,0,0.0,2026-09-25,RS,ULK,VIR,,,,,,,,,0
2026,17,1,P014733   ,0,1.0,ULK,9,"JUZANG, JOHNNY",13:16,8,3,3,0,2,2,2,0,1,1,0,0,1,0,0,2,2,6,-5.0,2026-09-29,RS,ULK,MUN,13.266666666666667,,,,,,,,0
2026,5,1,P014734   ,0,1.0,BAS,1,"LAWSON, A.J.",25:50,20,1,4,4,9,6,7,2,2,4,2,0,1,0,0,3,4,17,-20.0,2026-09-24,RS,BAS,OLY,25.833333333333332,,,,,,,,0
2026,15,0,P014734   ,0,0.0,BAS,1,"LAWSON, A.J.",22:28,13,2,3,2,5,3,4,0,2,2,2,0,0,0,0,3,4,13,-19.0,2026-09-29,RS,PAM,BAS,22.466666666666665,,,,,,,,0
2026,5,1,P014735   ,1,1.0,BAS,5,"DUARTE, CHRIS",20:03,9,3,4,1,6,0,0,2,3,5,3,2,1,0,0,2,1,11,7.0,2026-09-24,RS,BAS,OLY,20.05,,,,,,,,0
2026,15,0,P014735   ,1,1.0,BAS,5,"DUARTE, CHRIS",21:10,9,2,7,1,4,2,2,1,2,3,0,1,2,0,1,3,4,3,-1.0,2026-09-29,RS,PAM,BAS,21.166666666666668,,,,,,,,0
2026,5,1,P014736   ,0,1.0,BAS,12,"BAUGH, DAMION",13:17,7,1,3,1,2,2,2,1,1,2,2,1,0,0,0,1,1,9,-6.0,2026-09-24,RS,BAS,OLY,13.283333333333333,,,,,,,,0
2026,15,0,P014736   ,1,0.0,BAS,12,"BAUGH, DAMION",14:26,4,2,3,0,2,0,1,0,1,1,4,2,3,0,0,2,1,3,-20.0,2026-09-29,RS,PAM,BAS,14.433333333333334,,,,,,,,0
2026,9,0,P014737   ,1,1.0,VIR,8,"MOORE, WENDELL",25:46,9,3,4,1,5,0,0,1,6,7,1,0,0,0,0,2,1,11,-1.0,2026-09-25,RS,ULK,VIR,25.766666666666666,,,,,,,,0
2026,16,0,P014737   ,1,0.0,VIR,8,"MOORE, WENDELL",23:05,12,4,6,0,1,4,5,1,2,3,0,1,2,0,0,4,4,10,5.0,2026-09-29,RS,MIL,VIR,23.083333333333332,,,,,,,,0
2026,23,1,P014737   ,1,1.0,VIR,8,"MOORE, WENDELL",22:37,12,3,7,2,5,0,0,3,1,4,2,2,1,0,0,2,1,11,0.0,2026-10-01,RS,VIR,OLY,22.616666666666667,10.5,24.424999999999997,1.0,10.5,24.424999999999997,0.5,-1.80833333333333,0
2026,9,0,P014738   ,1,0.0,VIR,34,"KLINTMAN, BO",21:00,4,2,2,0,1,0,0,1,3,4,2,0,1,0,0,5,0,3,6.0,2026-09-25,RS,ULK,VIR,21.0,,,,,,,,0
2026,16,0,P014738   ,0,1.0,VIR,34,"KLINTMAN, BO",19:22,7,2,3,1,2,0,0,3,2,5,1,1,1,0,0,2,0,9,-4.0,2026-09-29,RS,MIL,VIR,19.366666666666667,,,,,,,,0
2026,23,1,P014738   ,0,0.0,VIR,34,"KLINTMAN, BO",14:50,4,2,2,0,2,0,0,0,3,3,1,0,0,0,0,2,0,4,-10.0,2026-10-01,RS,VIR,OLY,14.833333333333334,6.0,20.183333333333334,0.5,6.0,20.183333333333334,-2.0,-5.35,0
2026,15,1,P014740   ,0,1.0,PAM,20,"CORBALAN, GONZALO",11:41,4,1,3,0,2,2,2,1,0,1,0,0,0,0,2,1,2,0,1.0,2026-09-29,RS,PAM,BAS,11.683333333333334,,,,,,,,0
2026,8,0,P014741   ,0,0.0,PAM,7,"CARDENAS, ALVARO",09:39,0,0,0,0,1,0,0,0,0,0,3,0,1,0,0,1,1,1,0.0,2026-09-25,RS,BES,PAM,9.65,,,,,,,,0
2026,10,1,P014742   ,1,0.0,PAR,5,"THOMPSON, ETHAN",11:36,5,1,2,1,3,0,0,1,0,1,0,0,1,0,0,3,0,-1,3.0,2026-09-25,RS,PAR,MIL,11.6,,,,,,,,0
2026,18,0,P014742   ,1,0.0,PAR,5,"THOMPSON, ETHAN",09:43,3,0,3,1,2,0,0,1,1,2,1,0,0,0,1,2,0,-1,2.0,2026-09-29,RS,PRS,PAR,9.716666666666667,,,,,,,,0
2026,10,0,P014782   ,0,1.0,MIL,0,"BURNELL, JASON",11:54,3,0,1,1,2,0,0,0,1,1,1,1,0,0,0,4,0,0,-6.0,2026-09-25,RS,PAR,MIL,11.9,,,,,,,,0
2026,16,1,P014782   ,0,0.0,MIL,0,"BURNELL, JASON",16:53,6,3,8,0,1,0,0,5,5,10,2,1,0,1,0,2,0,12,6.0,2026-09-29,RS,MIL,VIR,16.883333333333333,,,,,,,,0
2026,16,1,P014783   ,0,0.0,MIL,24,"MATHEWS, GARRISON",13:26,6,0,0,2,4,0,0,0,0,0,0,0,1,0,0,2,2,3,5.0,2026-09-29,RS,MIL,VIR,13.433333333333334,,,,,,,,0
2026,8,1,P014785   ,1,0.0,BES,2,"JEFFRIES, DAQUAN",05:27,0,0,0,0,1,0,0,0,0,0,1,0,1,1,0,3,0,-3,1.0,2026-09-25,RS,BES,PAM,5.45,,,,,,,,0
2026,8,1,P014786   ,1,1.0,BES,24,"NOWELL, JAYLEN",28:14,17,4,8,2,4,3,3,0,4,4,2,0,2,0,0,4,2,13,-3.0,2026-09-25,RS,BES,PAM,28.233333333333334,,,,,,,,0
2026,19,0,P014786   ,1,0.0,BES,24,"NOWELL, JAYLEN",14:52,6,2,5,0,2,2,2,0,1,1,4,1,1,1,0,3,1,5,11.0,2026-09-30,RS,TEL,BES,14.866666666666667,,,,,,,,0
2026,9,0,P014802   ,0,0.0,VIR,0,"BELLO, RASHEED",12:43,6,3,6,0,3,0,0,0,1,1,0,1,3,0,1,4,2,-4,-6.0,2026-09-25,RS,ULK,VIR,12.716666666666667,,,,,,,,0
2026,16,0,P014802   ,0,0.0,VIR,0,"BELLO, RASHEED",09:22,8,0,1,2,4,2,2,0,1,1,0,0,1,0,0,2,2,5,0.0,2026-09-29,RS,MIL,VIR,9.366666666666667,,,,,,,,0
2026,23,1,P014802   ,0,0.0,VIR,0,"BELLO, RASHEED",09:44,0,0,0,0,3,0,0,0,1,1,3,0,0,0,0,1,2,2,0.0,2026-10-01,RS,VIR,OLY,9.733333333333333,0.5,11.041666666666668,0.0,0.5,11.041666666666668,1.5,-1.3083333333333353,0
2026,9,0,P015029   ,0,1.0,VIR,1,"FRAZIER, TRENT",17:20,8,2,5,0,7,4,4,0,2,2,3,0,3,0,1,1,4,2,-10.0,2026-09-25,RS,ULK,VIR,17.333333333333332,,,,,,,,0
2026,16,0,P015029   ,1,0.0,VIR,1,"FRAZIER, TRENT",24:08,7,1,2,1,4,2,2,1,4,5,5,2,0,0,0,3,3,15,2.0,2026-09-29,RS,MIL,VIR,24.133333333333333,,,,,,,,0
2026,23,1,P015029   ,0,1.0,VIR,1,"FRAZIER, TRENT",19:54,9,0,1,2,5,3,3,0,1,1,3,0,2,0,0,3,2,6,-5.0,2026-10-01,RS,VIR,OLY,19.9,8.5,20.733333333333334,0.5,8.5,20.733333333333334,-2.5,-0.8333333333333357,0
2026,6,0,P015085   ,0,0.0,TEL,17,"WALLACE, KEATON",12:14,2,1,2,0,2,0,0,0,2,2,0,2,2,0,0,4,0,-3,-17.0,2026-09-24,RS,ASV,TEL,12.233333333333333,,,,,,,,0
2026,19,1,P015085   ,0,1.0,TEL,17,"WALLACE, KEATON",15:49,9,2,4,1,5,2,2,1,0,1,0,0,1,0,0,1,1,3,-8.0,2026-09-30,RS,TEL,BES,15.816666666666666,,,,,,,,0
2026,2,0,P015103   ,0,0.0,MAD,30,"JONES, DAMIAN",14:49,10,5,7,0,0,0,0,4,1,5,0,0,1,1,0,1,0,12,-7.0,2026-09-24,RS,DUB,MAD,14.816666666666666,,,,,,,,0
2026,11,0,P015103   ,0,0.0,MAD,30,"JONES, DAMIAN",08:39,4,2,4,0,0,0,0,0,0,0,0,0,0,0,0,4,0,-2,5.0,2026-09-29,RS,IST,MAD,8.65,,,,,,,,0
2026,22,0,P015103   ,0,0.0,MAD,30,"JONES, DAMIAN",08:24,2,1,1,0,0,0,0,1,0,1,0,0,0,0,0,1,0,2,-10.0,2026-10-01,RS,HTA,MAD,8.4,5.0,11.733333333333334,0.0,5.0,11.733333333333334,-3.0,-3.333333333333334,0
2026,4,1,P015138   ,0,1.0,BAR,2,"MARTIN, TYRESE",17:34,3,0,2,1,4,0,0,1,2,3,2,0,3,0,0,2,0,-2,5.0,2026-09-24,RS,BAR,IST,17.566666666666666,,,,,,,,0
2026,13,0,P015138   ,0,1.0,BAR,2,"MARTIN, TYRESE",25:24,9,3,5,1,7,0,0,1,4,5,0,0,0,0,1,1,0,4,-3.0,2026-09-29,RS,DUB,BAR,25.4,,,,,,,,0
2026,4,1,P015139   ,1,0.0,BAR,3,"UMUDE, STANLEY",17:42,7,3,5,0,2,1,3,1,2,3,1,1,0,1,0,3,2,6,-1.0,2026-09-24,RS,BAR,IST,17.7,,,,,,,,0
2026,13,0,P015139   ,0,0.0,BAR,3,"UMUDE, STANLEY",12:59,8,2,4,1,2,1,2,2,1,3,1,2,0,1,0,1,2,12,-5.0,2026-09-29,RS,DUB,BAR,12.983333333333333,,,,,,,,0
2026,4,1,P015140   ,0,0.0,BAR,13,"NKAMHOUA, OLIVIER",14:53,2,1,1,0,0,0,0,4,0,4,0,0,0,0,0,2,2,6,-3.0,2026-09-24,RS,BAR,IST,14.883333333333333,,,,,,,,0
2026,13,0,P015140   ,0,1.0,BAR,13,"NKAMHOUA, OLIVIER",19:54,8,4,4,0,3,0,0,1,0,1,1,0,0,0,0,3,0,4,8.0,2026-09-29,RS,DUB,BAR,19.9,,,,,,,,0
2026,4,1,P015142   ,0,0.0,BAR,24,"MINAYA, JUSTIN",13:27,3,0,0,1,1,0,0,0,1,1,1,0,0,0,0,2,1,4,8.0,2026-09-24,RS,BAR,IST,13.45,,,,,,,,0
2026,13,0,P015142   ,1,1.0,BAR,24,"MINAYA, JUSTIN",11:21,0,0,0,0,0,0,0,0,0,0,0,1,0,0,0,2,0,-1,-8.0,2026-09-29,RS,DUB,BAR,11.35,,,,,,,,0
2026,7,0,P015143   ,0,0.0,PRS,9,"ETIENNE, TYSON",18:49,17,1,3,4,10,3,5,0,1,1,2,0,0,0,3,0,2,9,-18.0,2026-09-24,RS,PAN,PRS,18.816666666666666,,,,,,,,0
2026,18,1,P015143   ,0,1.0,PRS,9,"ETIENNE, TYSON",17:43,7,2,3,1,2,0,0,0,2,2,2,1,4,0,0,2,2,6,-4.0,2026-09-29,RS,PRS,PAR,17.716666666666665,,,,,,,,0
2026,24,1,P015143   ,0,0.0,PRS,9,"ETIENNE, TYSON",10:18,0,0,1,0,3,0,0,0,2,2,1,0,2,0,1,3,1,-6,-3.0,2026-10-01,RS,PRS,ZAL,10.3,7.5,18.266666666666666,0.0,7.5,18.266666666666666,-13.5,-7.966666666666665,0
2026,3,1,P015151   ,0,1.0,HTA,0,"TOPPIN, JACOB",23:15,11,4,5,1,1,0,0,2,1,3,0,2,0,1,0,2,0,14,2.0,2026-09-24,RS,HTA,MUN,23.25,,,,,,,,0
2026,3,1,P015152   ,0,0.0,HTA,1,"GERMAN, EUGENE",13:19,8,1,3,2,4,0,0,0,0,0,0,0,1,0,0,1,0,2,-2.0,2026-09-24,RS,HTA,MUN,13.316666666666666,,,,,,,,0
2026,12,0,P015152   ,0,0.0,HTA,1,"GERMAN, EUGENE",03:07,2,1,1,0,0,0,0,0,1,1,0,0,0,0,0,0,0,3,-1.0,2026-09-29,RS,RED,HTA,3.1166666666666667,,,,,,,,0
2026,22,1,P015152   ,0,0.0,HTA,1,"GERMAN, EUGENE",DNP,0,0,0,0,0,0,0,0,0,0,0,0,0,0,0,0,0,0,0.0,2026-10-01,RS,HTA,MAD,,2.5,8.216666666666667,0.0,2.5,8.216666666666667,-2.5,,0
2026,7,0,P015160   ,0,1.0,PRS,24,"JOHNSON, ALIZE",14:52,6,3,6,0,0,0,3,0,4,4,0,0,0,0,1,4,4,3,-13.0,2026-09-24,RS,PAN,PRS,14.866666666666667,,,,,,,,0
2026,24,1,P015160   ,0,0.0,PRS,24,"JOHNSON, ALIZE",16:48,6,2,2,0,0,2,2,1,4,5,1,0,0,0,0,4,3,11,-12.0,2026-10-01,RS,PRS,ZAL,16.8,,,,,,,,0
2026,6,1,P015161   ,1,1.0,ASV,1,"FODZO DADA, MARC-OWEN",21:32,14,2,3,2,2,4,9,0,1,1,5,2,4,1,0,2,6,17,1.0,2026-09-24,RS,ASV,TEL,21.533333333333335,,,,,,,,0
2026,20,0,P015161   ,1,1.0,ASV,1,"FODZO DADA, MARC-OWEN",25:11,7,1,5,1,3,2,4,2,2,4,2,1,5,0,0,4,2,-1,-21.0,2026-09-30,RS,PAN,ASV,25.183333333333334,,,,,,,,0
2026,6,1,P015163   ,1,1.0,ASV,8,"MILLS, PATTY",23:49,15,1,2,3,6,4,4,0,1,1,3,0,2,0,0,0,5,18,7.0,2026-09-24,RS,ASV,TEL,23.816666666666666,,,,,,,,0
2026,20,0,P015163   ,1,0.0,ASV,8,"MILLS, PATTY",13:26,5,1,1,0,2,3,3,1,0,1,1,1,0,0,0,0,3,9,-16.0,2026-09-30,RS,PAN,ASV,13.433333333333334,,,,,,,,0
2026,6,1,P015164   ,0,0.0,ASV,25,"BESSON, HUGO",17:01,8,1,3,2,6,0,0,0,3,3,4,0,2,1,0,3,2,7,20.0,2026-09-24,RS,ASV,TEL,17.016666666666666,,,,,,,,0
2026,20,0,P015164   ,0,0.0,ASV,25,"BESSON, HUGO",17:59,10,5,6,0,3,0,0,0,2,2,2,0,0,0,0,2,1,9,-4.0,2026-09-30,RS,PAN,ASV,17.983333333333334,,,,,,,,0
2026,6,1,P015165   ,0,0.0,ASV,51,"WATERS, TREMONT",15:37,2,1,2,0,5,0,0,0,1,1,1,1,1,0,0,3,2,-3,5.0,2026-09-24,RS,ASV,TEL,15.616666666666667,,,,,,,,0
2026,20,0,P015165   ,0,0.0,ASV,51,"WATERS, TREMONT",14:49,7,2,2,0,4,3,3,0,1,1,3,1,2,0,0,1,4,9,-2.0,2026-09-30,RS,PAN,ASV,14.816666666666666,,,,,,,,0
2026,6,1,P015166   ,1,1.0,ASV,99,"CROWDER, JAE",24:52,19,2,5,4,5,3,4,0,4,4,4,1,1,1,0,2,4,25,-3.0,2026-09-24,RS,ASV,TEL,24.866666666666667,,,,,,,,0
2026,20,0,P015166   ,1,0.0,ASV,99,"CROWDER, JAE",11:33,4,1,2,0,1,2,3,0,1,1,3,2,1,0,0,2,2,6,-10.0,2026-09-30,RS,PAN,ASV,11.55,,,,,,,,0
2026,7,0,P015168   ,1,0.0,PRS,1,"WARREN, TJ",21:04,9,0,1,3,4,0,0,0,2,2,0,0,2,0,0,2,0,5,-5.0,2026-09-24,RS,PAN,PRS,21.066666666666666,,,,,,,,0
2026,18,1,P015168   ,1,0.0,PRS,1,"WARREN, TJ",18:14,14,4,5,2,4,0,0,0,3,3,0,2,0,1,0,2,0,15,-17.0,2026-09-29,RS,PRS,PAR,18.233333333333334,,,,,,,,0
2026,24,1,P015168   ,1,0.0,PRS,1,"WARREN, TJ",15:43,14,6,6,0,4,2,2,1,1,2,0,0,1,0,0,5,1,7,6.0,2026-10-01,RS,PRS,ZAL,15.716666666666667,10.0,19.65,1.0,10.0,19.65,-3.0,-3.933333333333332,0
2026,11,0,P015244   ,1,1.0,MAD,1,"SMITH JR, NICK",13:29,10,1,1,1,2,5,6,2,0,2,1,1,2,1,0,4,3,10,-7.0,2026-09-29,RS,IST,MAD,13.483333333333333,,,,,,,,0
2026,22,0,P015244   ,0,0.0,MAD,1,"SMITH JR, NICK",20:28,12,3,6,2,3,0,0,0,2,2,1,0,2,0,0,4,0,5,6.0,2026-10-01,RS,HTA,MAD,20.466666666666665,,,,,,,,0
