Season,Gamecode,Home,Player_ID,IsStarter,IsPlaying,Team,Dorsal,Player,Minutes,Points,FieldGoalsMade2,FieldGoalsAttempted2,FieldGoalsMade3,FieldGoalsAttempted3,FreeThrowsMade,FreeThrowsAttempted,OffensiveRebounds,DefensiveRebounds,TotalRebounds,Assistances,Steals,Turnovers,BlocksFavour,BlocksAgainst,FoulsCommited,FoulsReceived,Valuation,Plusminus,date,round,home_team,away_team,MinutesFloat,FGM3,FGA3,PIR_per_min,Opponent,HomeAway
2025,4,0,013369,0,1.0,PAR,1,"JONES, CARLIK",29:22,4,1,7,0,3,2,2,2,2,4,6,1,1,0,0,2,1,4,2.0,2025-09-30,RS,DUB,PAR,29.366666666666667,0,3,0.1362088535754824,DUB,A
2025,12,1,013369,1,1.0,PAR,1,"JONES, CARLIK",25:20,15,3,9,3,3,0,2,0,0,0,5,0,0,0,0,1,3,14,8.0,2025-10-02,RS,PAR,MIL,25.33333333333333,3,3,0.5526315789473685,MIL,H
2025,26,1,013369,1,0.0,PAR,1,"JONES, CARLIK",28:07,10,5,8,0,1,0,0,2,2,4,4,1,2,0,1,0,2,14,2.0,2025-10-09,RS,PAR,IST,28.116666666666667,0,1,0.4979253112033195,IST,H
2025,38,0,013369,1,1.0,PAR,1,"JONES, CARLIK",31:38,10,3,7,0,2,4,4,1,3,4,1,0,2,0,1,4,5,7,10.0,2025-10-15,RS,MAD,PAR,31.633333333333333,0,2,0.22128556375131717,MAD,A
2025,47,0,013369,1,1.0,PAR,1,"JONES, CARLIK",35:47,18,7,11,1,2,1,2,1,0,1,10,0,3,1,0,3,5,23,13.0,2025-10-17,RS,BAS,PAR,35.78333333333333,1,2,0.6427573358174197,BAS,A
2025,281,0,013369,0,1.0,PAR,1,"JONES, CARLIK",19:03,17,5,7,0,4,7,7,0,3,3,4,1,1,0,1,1,6,22,-3.0,2026-02-25,RS,ULK,PAR,19.05,0,4,1.1548556430446193,ULK,A
2025,304,0,013369,1,1.0,PAR,1,"JONES, CARLIK",26:20,19,8,13,0,2,3,3,1,1,2,3,2,1,0,1,1,3,19,13.0,2026-03-11,RS,VIR,PAR,26.33333333333333,0,2,0.7215189873417723,VIR,A
2025,294,1,013369,1,1.0,PAR,1,"JONES, CARLIK",27:51,23,7,9,1,3,6,7,0,3,3,5,1,2,1,0,1,6,31,16.0,2026-03-17,RS,PAR,DUB,27.85,1,3,1.1131059245960502,DUB,H
2025,314,0,013369,1,1.0,PAR,1,"JONES, CARLIK",23:20,9,3,8,0,1,3,3,1,2,3,6,1,2,0,3,1,3,10,-2.0,2026-03-19,RS,PRS,PAR,23.33333333333333,0,1,0.42857142857142866,PRS,A
2025,325,1,013369,1,1.0,PAR,1,"JONES, CARLIK",25:05,14,4,7,0,2,6,7,1,4,5,4,0,3,1,0,1,7,21,7.0,2026-03-24,RS,PAR,ASV,25.08333333333333,0,2,0.8372093023255816,ASV,H
2025,340,1,013369,1,1.0,PAR,1,"JONES, CARLIK",36:26,27,8,13,2,6,5,5,0,2,2,6,2,2,1,3,4,3,23,3.0,2026-03-27,RS,PAR,PAM,36.43333333333333,2,6,0.6312900274473926,PAM,H
2025,342,0,013369,1,1.0,PAR,1,"JONES, CARLIK",29:21,26,5,9,3,3,7,7,2,2,4,2,0,5,0,1,1,6,27,-3.0,2026-04-02,RS,RED,PAR,29.35,3,3,0.9199318568994889,RED,A
2025,359,0,013369,1,1.0,PAR,1,"JONES, CARLIK",28:46,11,3,11,0,1,5,5,1,3,4,3,1,2,0,2,4,3,5,-5.0,2026-04-08,RS,IST,PAR,28.766666666666666,0,1,0.17381228273464658,IST,A
2025,369,1,013369,1,1.0,PAR,1,"JONES, CARLIK",29:32,15,4,9,1,5,4,5,0,1,1,4,1,0,0,1,4,5,11,4.0,2026-04-10,RS,PAR,ZAL,29.53333333333333,1,5,0.3724604966139955,ZAL,H
2025,373,1,013369,1,1.0,PAR,1,"JONES, CARLIK",25:00,13,4,7,1,4,2,2,1,6,7,6,1,1,0,1,1,2,20,9.0,2026-04-16,RS,PAR,BAS,25.0,1,4,0.8,BAS,H
2026,10,1,013369,1,1.0,PAR,1,"JONES, CARLIK",26:52,20,2,5,4,6,4,4,2,2,4,10,0,0,0,0,1,5,33,9.0,2026-09-25,RS,PAR,MIL,26.866666666666667,4,6,1.228287841191067,MIL,H
2026,18,0,013369,1,1.0,PAR,1,"JONES, CARLIK",23:16,20,6,9,0,2,8,9,1,0,1,5,3,2,0,0,0,5,26,6.0,2026-09-29,RS,PRS,PAR,23.266666666666666,0,2,1.1174785100286533,PRS,A
