Season,Gamecode,Home,Player_ID,IsStarter,IsPlaying,Team,Dorsal,Player,Minutes,Points,FieldGoalsMade2,FieldGoalsAttempted2,FieldGoalsMade3,FieldGoalsAttempted3,FreeThrowsMade,FreeThrowsAttempted,OffensiveRebounds,DefensiveRebounds,TotalRebounds,Assistances,Steals,Turnovers,BlocksFavour,BlocksAgainst,FoulsCommited,FoulsReceived,Valuation,Plusminus,date,round,home_team,away_team,MinutesFloat,FGM3,FGA3,PIR_per_min
2026,7,1,011209,1,0.0,PAN,0,"KALAITZAKIS, PANAGIOTIS",19:06,3,0,2,1,3,0,0,1,2,3,2,2,0,0,0,5,1,2,10.0,2026-09-24,RS,PAN,PRS,19.1,1,3,0.10471204188481674
2026,7,1,007975,0,0.0,PAN,3,"FRANCISCO, SYLVAIN",21:53,18,3,4,3,7,3,3,0,2,2,4,0,4,0,0,0,3,18,11.0,2026-09-24,RS,PAN,PRS,21.883333333333333,3,7,0.8225437928408226
2026,7,1,006544,0,0.0,PAN,6,"MORAITIS, DIMITRIS",DNP,0,0,0,0,0,0,0,0,0,0,0,0,0,0,0,0,0,0,0.0,2026-09-24,RS,PAN,PRS,,0,0,
2026,7,1,007527,0,1.0,PAN,7,"BADIO, BRANCOU",20:54,4,1,3,0,0,2,2,0,3,3,2,0,2,1,0,1,2,7,9.0,2026-09-24,RS,PAN,PRS,20.9,0,0,0.3349282296650718
2026,7,1,011085,0,0.0,PAN,17,"ROGKAVOPOULOS, NIKOLAOS",DNP,0,0,0,0,0,0,0,0,0,0,0,0,0,0,0,0,0,0,0.0,2026-09-24,RS,PAN,PRS,,0,0,
2026,7,1,011204,1,1.0,PAN,22,"GRANT, JERIAN",18:07,7,2,4,1,4,0,0,1,0,1,3,1,0,1,0,1,2,9,8.0,2026-09-24,RS,PAN,PRS,18.116666666666667,1,4,0.4967801287948482
2026,7,1,003842,0,0.0,PAN,26,"LESSORT, MATHIAS",21:53,15,2,7,0,0,11,12,3,6,9,2,2,4,3,1,2,9,27,13.0,2026-09-24,RS,PAN,PRS,21.883333333333333,0,0,1.2338156892612338
2026,7,1,010357,1,0.0,PAN,28,"YABUSELE, GUERSCHON",19:38,13,3,5,2,5,1,1,2,3,5,0,1,0,0,0,2,1,13,17.0,2026-09-24,RS,PAN,PRS,19.633333333333333,2,5,0.6621392190152802
2026,7,1,006760,0,0.0,PAN,32,"BONGA, ISAAC",16:56,5,2,2,0,2,1,1,1,1,2,1,0,3,0,0,3,1,1,3.0,2026-09-24,RS,PAN,PRS,16.933333333333334,0,2,0.05905511811023622
2026,7,1,012712,0,1.0,PAN,41,"HERNANGOMEZ, JUANCHO",20:22,5,1,1,1,2,0,0,2,4,6,1,2,0,0,0,1,1,13,2.0,2026-09-24,RS,PAN,PRS,20.366666666666667,1,2,0.6382978723404256
2026,7,1,007866,1,1.0,PAN,44,"MITOGLOU, KONSTANTINOS",18:07,11,4,7,0,1,3,3,3,3,6,0,2,1,0,1,1,2,14,6.0,2026-09-24,RS,PAN,PRS,18.116666666666667,0,1,0.7727690892364305
2026,7,1,008084,1,1.0,PAN,72,"MANTZOUKAS, ELEFTHERIOS",23:04,10,2,2,2,5,0,0,0,4,4,1,0,1,3,0,2,0,12,16.0,2026-09-24,RS,PAN,PRS,23.066666666666663,2,5,0.5202312138728324
2026,7,0,015168,1,0.0,PRS,1,"WARREN, TJ",21:04,9,0,1,3,4,0,0,0,2,2,0,0,2,0,0,2,0,5,-5.0,2026-09-24,RS,PAN,PRS,21.066666666666663,3,4,0.23734177215189878
2026,7,0,012640,1,0.0,PRS,2,"HIFI, NADIR",22:13,11,3,7,1,6,2,3,1,1,2,2,0,3,0,2,0,7,7,7.0,2026-09-24,RS,PAN,PRS,22.216666666666665,1,6,0.31507876969242316
2026,7,0,012515,1,0.0,PRS,3,"TARPEY, TERRY",15:15,0,0,0,0,4,0,0,1,4,5,6,1,1,0,0,2,0,5,8.0,2026-09-24,RS,PAN,PRS,15.25,0,4,0.32786885245901637
2026,7,0,013373,0,1.0,PRS,4,"CAVALIERE, LEOPOLD",15:26,3,0,0,1,1,0,0,1,0,1,2,2,1,0,0,2,0,5,4.0,2026-09-24,RS,PAN,PRS,15.433333333333334,1,1,0.32397408207343414
2026,7,0,012611,0,1.0,PRS,7,"HERRERA, SEBASTIAN",19:08,9,0,1,3,7,0,0,0,1,1,1,1,0,0,1,0,1,7,-10.0,2026-09-24,RS,PAN,PRS,19.133333333333333,3,7,0.36585365853658536
2026,7,0,014178,1,0.0,PRS,8,"RHODEN, JARED",18:03,11,3,5,1,3,2,2,1,0,1,1,0,4,1,0,3,2,5,-23.0,2026-09-24,RS,PAN,PRS,18.05,1,3,0.27700831024930744
2026,7,0,015143,0,0.0,PRS,9,"ETIENNE, TYSON",18:49,17,1,3,4,10,3,5,0,1,1,2,0,0,0,3,0,2,9,-18.0,2026-09-24,RS,PAN,PRS,18.816666666666663,4,10,0.4782993799822853
2026,7,0,014010,0,0.0,PRS,13,"DOKOSSI, ALLAN",20:50,4,2,2,0,0,0,0,2,3,5,4,2,2,1,0,2,0,12,1.0,2026-09-24,RS,PAN,PRS,20.83333333333333,0,0,0.5760000000000002
2026,7,0,012403,1,0.0,PRS,15,"FAYE, MOUHAMED",07:36,0,0,0,0,0,0,0,1,1,2,1,0,0,0,0,5,0,-2,-15.0,2026-09-24,RS,PAN,PRS,7.6,0,0,-0.2631578947368421
2026,7,0,010431,0,1.0,PRS,20,"MORGAN, JEREMY",11:40,0,0,0,0,3,0,0,1,0,1,0,1,0,0,0,2,0,-3,-8.0,2026-09-24,RS,PAN,PRS,11.666666666666666,0,3,-0.2571428571428572
2026,7,0,015160,0,1.0,PRS,24,"JOHNSON, ALIZE",14:52,6,3,6,0,0,0,3,0,4,4,0,0,0,0,1,4,4,3,-13.0,2026-09-24,RS,PAN,PRS,14.866666666666667,0,0,0.20179372197309417
2026,7,0,011949,0,1.0,PRS,34,"HOMMES, DAULTON",15:04,2,0,2,0,1,2,2,1,3,4,0,0,2,0,1,0,1,1,-23.0,2026-09-24,RS,PAN,PRS,15.066666666666666,0,1,0.06637168141592921
2026,1,1,011157,1,0.0,RED,0,"MOTLEY, JOHNATHAN",14:08,2,1,5,0,2,0,0,0,0,0,2,0,6,0,0,5,0,-13,-19.0,2026-09-24,RS,RED,ZAL,14.133333333333333,0,2,-0.919811320754717
2026,1,1,010568,1,1.0,RED,1,"JONES, CHRIS",18:44,15,5,6,1,2,2,2,1,1,2,8,2,0,0,0,1,1,25,3.0,2026-09-24,RS,RED,ZAL,18.73333333333333,1,2,1.334519572953737
2026,1,1,014094,0,0.0,RED,2,"MILJENOVIC, STEFAN",00:20,0,0,0,0,0,0,0,0,0,0,0,0,0,0,0,1,0,-1,0.0,2026-09-24,RS,RED,ZAL,0.3333333333333333,0,0,-3.0
2026,1,1,010391,0,0.0,RED,3,"WEILER-BABB, NICK",21:16,0,0,3,0,1,0,0,1,2,3,3,1,4,0,2,2,1,-4,-9.0,2026-09-24,RS,RED,ZAL,21.266666666666666,0,1,-0.18808777429467086
2026,1,1,014163,0,0.0,RED,6,"BUTLER, JARED",17:13,11,1,4,3,7,0,0,1,1,2,4,0,1,1,0,1,2,11,2.0,2026-09-24,RS,RED,ZAL,17.216666666666665,3,7,0.63891577928364
2026,1,1,011305,1,0.0,RED,11,"CARTER, TYSON",16:09,3,0,1,1,3,0,0,0,3,3,0,1,1,0,1,1,2,3,-13.0,2026-09-24,RS,RED,ZAL,16.15,1,3,0.18575851393188855
2026,1,1,004007,0,0.0,RED,13,"DOBRIC, OGNJEN",04:45,0,0,0,0,1,0,0,1,0,1,0,0,0,0,0,1,0,-1,7.0,2026-09-24,RS,RED,ZAL,4.75,0,1,-0.21052631578947367
2026,1,1,014029,0,0.0,RED,15,"IZUNDU, EBUKA",15:22,7,2,6,0,0,3,4,4,0,4,0,2,0,1,0,3,3,9,3.0,2026-09-24,RS,RED,ZAL,15.366666666666667,0,0,0.5856832971800434
2026,1,1,013363,1,1.0,RED,33,"NWORA, JORDAN",22:02,10,3,8,0,1,4,6,1,4,5,1,0,1,0,2,2,4,7,-5.0,2026-09-24,RS,RED,ZAL,22.03333333333333,0,1,0.3177004538577913
2026,1,1,011982,1,1.0,RED,37,"OJELEYE, SEMI",24:35,9,1,4,2,3,1,3,2,5,7,1,0,1,0,1,4,4,9,1.0,2026-09-24,RS,RED,ZAL,24.58333333333333,2,3,0.3661016949152543
2026,1,1,006482,0,1.0,RED,44,"KRAMER, DAVID",19:39,11,0,2,3,5,2,2,0,4,4,1,1,0,0,0,4,1,10,-3.0,2026-09-24,RS,RED,ZAL,19.65,3,5,0.5089058524173028
2026,1,1,012201,0,1.0,RED,95,"MONEKE, CHIMA",25:47,9,4,5,0,4,1,2,3,0,3,1,0,0,1,0,2,4,10,3.0,2026-09-24,RS,RED,ZAL,25.78333333333333,0,4,0.3878474466709761
2026,1,0,012720,0,1.0,ZAL,0,"BROWN, STERLING",16:19,10,0,0,2,3,4,4,0,2,2,0,0,0,1,0,3,2,11,4.0,2026-09-24,RS,RED,ZAL,16.316666666666666,2,3,0.6741573033707865
2026,1,0,007982,1,0.0,ZAL,1,"WILLIAMS-GOSS, NIGEL",25:20,14,5,11,1,2,1,1,0,2,2,6,2,3,0,1,1,2,14,-1.0,2026-09-24,RS,RED,ZAL,25.33333333333333,1,2,0.5526315789473685
2026,1,0,011987,1,1.0,ZAL,3,"EDWARDS, CARSEN",15:34,13,2,5,2,6,3,3,0,0,0,0,2,1,0,1,3,1,4,3.0,2026-09-24,RS,RED,ZAL,15.566666666666666,2,6,0.2569593147751606
2026,1,0,007513,0,0.0,ZAL,9,"GIEDRAITIS, DOVYDAS",02:05,0,0,0,0,0,0,0,0,0,0,0,0,1,0,0,0,1,0,2.0,2026-09-24,RS,RED,ZAL,2.083333333333333,0,0,0.0
2026,1,0,008192,1,1.0,ZAL,10,"TUBELIS, AZUOLAS",27:16,10,4,8,0,2,2,4,3,9,12,4,1,1,1,0,0,4,23,4.0,2026-09-24,RS,RED,ZAL,27.266666666666666,0,2,0.8435207823960881
2026,1,0,007032,0,0.0,ZAL,12,"LO, MAODO",11:46,3,0,1,1,2,0,0,0,4,4,3,0,3,0,1,1,1,4,4.0,2026-09-24,RS,RED,ZAL,11.766666666666667,1,2,0.3399433427762039
2026,1,0,011927,0,0.0,ZAL,14,"SLEVA, DUSTIN",14:00,7,0,0,2,3,1,4,2,1,3,0,1,0,0,0,4,2,5,0.0,2026-09-24,RS,RED,ZAL,14.0,2,3,0.35714285714285715
2026,1,0,000898,1,0.0,ZAL,17,"VALANCIUNAS, JONAS",21:37,13,6,9,0,0,1,1,1,7,8,2,0,1,3,0,1,3,24,7.0,2026-09-24,RS,RED,ZAL,21.616666666666667,0,0,1.110254433307633
2026,1,0,008186,0,0.0,ZAL,22,"BLAZEVIC, MAREK",12:59,5,2,4,0,0,1,2,0,2,2,0,0,3,0,0,3,2,0,-1.0,2026-09-24,RS,RED,ZAL,12.983333333333333,0,0,0.0
2026,1,0,002328,0,0.0,ZAL,40,"GRIGONIS, MARIUS",12:21,2,1,4,0,1,0,0,0,0,0,2,0,1,1,0,1,1,0,9.0,2026-09-24,RS,RED,ZAL,12.35,0,1,0.0
2026,1,0,002676,1,1.0,ZAL,51,"BUTKEVICIUS, ARNAS",24:23,0,0,0,0,0,0,0,4,2,6,1,2,0,0,0,4,1,6,6.0,2026-09-24,RS,RED,ZAL,24.383333333333333,0,0,0.24606971975393027
2026,1,0,002329,0,1.0,ZAL,92,"ULANOVAS, EDGARAS",16:20,6,0,1,0,1,6,8,0,1,1,0,0,1,0,0,1,6,7,-7.0,2026-09-24,RS,RED,ZAL,16.333333333333332,0,1,0.4285714285714286
2026,5,1,011948,0,0.0,BAS,0,"HOWARD, MARKUS",12:30,9,0,1,3,5,0,0,1,0,1,1,0,0,0,1,1,1,7,-11.0,2026-09-24,RS,BAS,OLY,12.5,3,5,0.56
2026,5,1,014734,0,1.0,BAS,1,"LAWSON, A.J.",25:50,20,1,4,4,9,6,7,2,2,4,2,0,1,0,0,3,4,17,-20.0,2026-09-24,RS,BAS,OLY,25.83333333333333,4,9,0.6580645161290324
2026,5,1,014152,1,0.0,BAS,2,"SIMMONS, KOBI",18:08,6,1,4,1,5,1,1,2,0,2,6,0,1,0,1,1,1,5,-1.0,2026-09-24,RS,BAS,OLY,18.133333333333333,1,5,0.2757352941176471
2026,5,1,012700,1,0.0,BAS,3,"STEWART, DJ",25:44,8,1,5,2,8,0,0,0,1,1,0,1,0,0,0,2,0,-2,-18.0,2026-09-24,RS,BAS,OLY,25.73333333333333,2,8,-0.07772020725388602
2026,5,1,014735,1,1.0,BAS,5,"DUARTE, CHRIS",20:03,9,3,4,1,6,0,0,2,3,5,3,2,1,0,0,2,1,11,7.0,2026-09-24,RS,BAS,OLY,20.05,1,6,0.5486284289276808
2026,5,1,014107,0,1.0,BAS,6,"JOKSIMOVIC, STEFAN",09:04,0,0,1,0,1,0,0,0,0,0,3,1,3,0,0,0,0,-1,-14.0,2026-09-24,RS,BAS,OLY,9.066666666666666,0,1,-0.11029411764705882
2026,5,1,005713,1,0.0,BAS,7,"KURUCS, RODIONS",21:21,5,1,5,1,2,0,0,2,2,4,5,4,2,0,0,4,1,8,2.0,2026-09-24,RS,BAS,OLY,21.35,1,2,0.37470725995316156
2026,5,1,007230,1,0.0,BAS,8,"SEDEKERSKIS, TADAS",20:01,15,3,4,3,3,0,0,0,2,2,0,0,0,0,1,3,2,14,6.0,2026-09-24,RS,BAS,OLY,20.016666666666666,3,3,0.6994171523730225
2026,5,1,008173,0,0.0,BAS,10,"SPAGNOLO, MATTEO",15:31,5,1,1,0,2,3,3,2,1,3,3,0,2,0,0,2,2,7,-11.0,2026-09-24,RS,BAS,OLY,15.516666666666667,0,2,0.45112781954887216
2026,5,1,014736,0,1.0,BAS,12,"BAUGH, DAMION",13:17,7,1,3,1,2,2,2,1,1,2,2,1,0,0,0,1,1,9,-6.0,2026-09-24,RS,BAS,OLY,13.283333333333331,1,2,0.6775407779171896
2026,5,1,014026,0,0.0,BAS,25,"FRISCH, CLEMENT",01:09,0,0,0,0,0,0,0,0,0,0,0,0,0,0,0,0,0,0,-5.0,2026-09-24,RS,BAS,OLY,1.15,0,0,0.0
2026,5,1,011284,0,1.0,BAS,35,"FARIED, KENNETH",17:22,5,2,4,0,1,1,2,1,2,3,0,0,0,0,0,4,3,3,-14.0,2026-09-24,RS,BAS,OLY,17.366666666666667,0,1,0.1727447216890595
2026,5,0,009048,1,1.0,OLY,0,"MILLER-MCINTYRE, CODI",19:37,2,1,2,0,2,0,0,0,2,2,6,0,4,0,0,3,2,2,-4.0,2026-09-24,RS,BAS,OLY,19.616666666666667,0,2,0.10195412064570943
2026,5,0,012610,1,1.0,OLY,3,"WARD, TYSON",17:46,11,2,5,1,3,4,4,2,1,3,2,1,1,0,0,2,2,11,-8.0,2026-09-24,RS,BAS,OLY,17.766666666666666,1,3,0.6191369606003753
2026,5,0,010042,0,0.0,OLY,8,"MONTERO, JEAN",19:45,15,2,5,2,5,5,6,0,5,5,5,1,3,0,0,0,3,19,22.0,2026-09-24,RS,BAS,OLY,19.75,2,5,0.9620253164556962
2026,5,0,003469,1,0.0,OLY,14,"VEZENKOV, SASHA",19:00,22,8,9,0,1,6,6,1,4,5,1,0,1,0,0,0,5,30,12.0,2026-09-24,RS,BAS,OLY,19.0,0,1,1.5789473684210527
2026,5,0,001255,0,1.0,OLY,16,"PAPANIKOLAOU, KOSTAS",13:27,0,0,0,0,0,0,0,0,3,3,1,1,1,1,0,0,0,5,-3.0,2026-09-24,RS,BAS,OLY,13.45,0,0,0.3717472118959108
2026,5,0,009849,1,0.0,OLY,22,"DORSEY, TYLER",22:45,25,4,5,4,6,5,5,0,2,2,1,1,0,0,0,0,3,29,13.0,2026-09-24,RS,BAS,OLY,22.75,4,6,1.2747252747252746
2026,5,0,012731,0,0.0,OLY,24,"NDIAYE, MBAYE",07:35,4,1,1,0,0,2,3,0,0,0,0,0,1,1,0,3,2,2,8.0,2026-09-24,RS,BAS,OLY,7.583333333333333,0,0,0.26373626373626374
2026,5,0,003941,0,1.0,OLY,33,"MILUTINOV, NIKOLA",09:06,2,0,0,0,0,2,2,0,2,2,0,0,0,0,0,2,1,3,-4.0,2026-09-24,RS,BAS,OLY,9.1,0,0,0.32967032967032966
2026,5,0,014316,0,1.0,OLY,34,"JOSEPH, CORY",15:19,2,1,1,0,1,0,0,0,0,0,0,0,0,0,0,3,0,-2,4.0,2026-09-24,RS,BAS,OLY,15.316666666666666,0,1,-0.1305767138193689
2026,5,0,011196,1,0.0,OLY,45,"HALL, DONTA",18:47,4,2,3,0,0,0,0,3,4,7,1,1,1,1,0,2,2,12,7.0,2026-09-24,RS,BAS,OLY,18.78333333333333,0,0,0.6388642413487134
2026,5,0,011981,0,0.0,OLY,88,"JONES, TYRIQUE",12:07,12,5,9,0,0,2,2,4,4,8,0,0,1,0,0,1,1,15,14.0,2026-09-24,RS,BAS,OLY,12.116666666666667,0,0,1.2379642365887207
2026,5,0,013380,0,0.0,OLY,94,"FOURNIER, EVAN",24:46,7,2,2,1,4,0,0,0,1,1,3,1,1,0,0,2,0,6,24.0,2026-09-24,RS,BAS,OLY,24.766666666666666,1,4,0.24226110363391656
2026,6,1,013269,0,0.0,ASV,0,"CALE, MYLES",09:03,0,0,1,0,2,0,0,0,1,1,1,0,1,0,0,0,0,-2,0.0,2026-09-24,RS,ASV,TEL,9.05,0,2,-0.22099447513812154
2026,6,1,015161,1,1.0,ASV,1,"FODZO DADA, MARC-OWEN",21:32,14,2,3,2,2,4,9,0,1,1,5,2,4,1,0,2,6,17,1.0,2026-09-24,RS,ASV,TEL,21.53333333333333,2,2,0.7894736842105264
2026,6,1,015163,1,1.0,ASV,8,"MILLS, PATTY",23:49,15,1,2,3,6,4,4,0,1,1,3,0,2,0,0,0,5,18,7.0,2026-09-24,RS,ASV,TEL,23.816666666666663,3,6,0.7557732680195942
2026,6,1,012618,0,0.0,ASV,10,"MASSA, BODIAN",14:19,0,0,0,0,0,0,0,0,1,1,0,0,1,0,0,2,1,-1,4.0,2026-09-24,RS,ASV,TEL,14.316666666666666,0,0,-0.06984866123399301
2026,6,1,013900,1,0.0,ASV,14,"GACH, BOTH",17:06,5,1,3,1,1,0,0,0,0,0,1,0,1,0,0,2,1,2,-11.0,2026-09-24,RS,ASV,TEL,17.1,1,1,0.11695906432748537
2026,6,1,009035,1,1.0,ASV,21,"BOLOMBOY, JOEL",25:41,2,1,2,0,0,0,0,1,5,6,0,3,2,0,0,3,0,5,6.0,2026-09-24,RS,ASV,TEL,25.683333333333334,0,0,0.1946787800129786
2026,6,1,003526,0,1.0,ASV,23,"LIGHTY, DAVID",15:52,10,1,2,2,3,2,2,0,0,0,1,0,0,0,0,0,2,11,8.0,2026-09-24,RS,ASV,TEL,15.866666666666667,2,3,0.6932773109243697
2026,6,1,015164,0,0.0,ASV,25,"BESSON, HUGO",17:01,8,1,3,2,6,0,0,0,3,3,4,0,2,1,0,3,2,7,20.0,2026-09-24,RS,ASV,TEL,17.016666666666666,2,6,0.4113614103819785
2026,6,1,006832,0,0.0,ASV,35,"PONS, YVES",11:48,9,1,1,2,3,1,1,2,0,2,0,1,0,0,0,1,1,11,10.0,2026-09-24,RS,ASV,TEL,11.8,2,3,0.9322033898305084
2026,6,1,015165,0,0.0,ASV,51,"WATERS, TREMONT",15:37,2,1,2,0,5,0,0,0,1,1,1,1,1,0,0,3,2,-3,5.0,2026-09-24,RS,ASV,TEL,15.616666666666667,0,5,-0.192102454642476
2026,6,1,011980,0,0.0,ASV,77,"SESTINA, NATHAN",03:20,0,0,0,0,1,0,0,0,2,2,0,0,0,0,0,2,1,0,3.0,2026-09-24,RS,ASV,TEL,3.333333333333333,0,1,0.0
2026,6,1,015166,1,1.0,ASV,99,"CROWDER, JAE",24:52,19,2,5,4,5,3,4,0,4,4,4,1,1,1,0,2,4,25,-3.0,2026-09-24,RS,ASV,TEL,24.866666666666667,4,5,1.0053619302949062
2026,6,0,010781,1,0.0,TEL,0,"LUNDBERG, IFFE",22:05,5,0,3,1,3,2,2,1,1,2,2,0,2,0,1,5,1,-3,0.0,2026-09-24,RS,ASV,TEL,22.08333333333333,1,3,-0.1358490566037736
2026,6,0,006835,1,1.0,TEL,1,"HOARD, JAYLEN",28:33,15,6,7,1,4,0,0,2,4,6,0,3,1,0,0,3,4,20,-10.0,2026-09-24,RS,ASV,TEL,28.55,1,4,0.7005253940455342
2026,6,0,013699,0,0.0,TEL,2,"CLARK III, JIMMY",13:32,9,3,5,1,3,0,0,1,3,4,6,0,3,0,0,5,0,7,-1.0,2026-09-24,RS,ASV,TEL,13.533333333333331,1,3,0.5172413793103449
2026,6,0,014015,0,0.0,TEL,5,"BACOT JR., ARMANDO",03:17,0,0,0,0,0,0,0,0,0,0,1,0,0,0,0,0,0,1,-10.0,2026-09-24,RS,ASV,TEL,3.283333333333333,0,0,0.30456852791878175
2026,6,0,011219,1,1.0,TEL,9,"SORKIN, ROMAN",24:10,13,5,7,1,2,0,1,2,3,5,2,1,1,0,1,1,2,16,4.0,2026-09-24,RS,ASV,TEL,24.166666666666668,1,2,0.6620689655172414
2026,6,0,014127,0,1.0,TEL,10,"BRISSETT, O'SHAE J",26:04,8,3,5,0,6,2,2,0,7,7,0,2,0,0,0,1,2,10,1.0,2026-09-24,RS,ASV,TEL,26.066666666666663,0,6,0.38363171355498726
2026,6,0,013381,0,1.0,TEL,11,"RAYMAN, WILLIAM",10:57,0,0,1,0,0,0,0,1,0,1,0,1,0,0,0,2,2,1,-2.0,2026-09-24,RS,ASV,TEL,10.95,0,0,0.09132420091324202
2026,6,0,007990,0,0.0,TEL,12,"DIBARTOLOMEO, JOHN",07:34,0,0,0,0,1,0,0,0,0,0,0,0,1,0,0,1,0,-3,-8.0,2026-09-24,RS,ASV,TEL,7.566666666666666,0,1,-0.39647577092511016
2026,6,0,015085,0,0.0,TEL,17,"WALLACE, KEATON",12:14,2,1,2,0,2,0,0,0,2,2,0,2,2,0,0,4,0,-3,-17.0,2026-09-24,RS,ASV,TEL,12.233333333333333,0,2,-0.2452316076294278
2026,6,0,004132,0,0.0,TEL,23,"THEIS, DANIEL",16:49,9,2,2,0,1,5,6,1,2,3,0,1,4,0,0,2,4,9,-3.0,2026-09-24,RS,ASV,TEL,16.816666666666666,0,1,0.535183349851338
2026,6,0,011052,1,1.0,TEL,26,"MADAR, YAM",25:58,13,1,2,3,6,2,4,0,3,3,8,0,4,0,1,1,4,16,7.0,2026-09-24,RS,ASV,TEL,25.966666666666665,3,6,0.6161745827984596
2026,6,0,009783,1,0.0,TEL,50,"COLSON, BONZIE",08:47,0,0,0,0,1,0,0,0,1,1,0,0,0,0,0,0,1,1,-11.0,2026-09-24,RS,ASV,TEL,8.783333333333333,0,1,0.11385199240986718
2026,3,1,015151,0,1.0,HTA,0,"TOPPIN, JACOB",23:15,11,4,5,1,1,0,0,2,1,3,0,2,0,1,0,2,0,14,2.0,2026-09-24,RS,HTA,MUN,23.25,1,1,0.6021505376344086
2026,3,1,015152,0,0.0,HTA,1,"GERMAN, EUGENE",13:19,8,1,3,2,4,0,0,0,0,0,0,0,1,0,0,1,0,2,-2.0,2026-09-24,RS,HTA,MUN,13.316666666666666,2,4,0.15018773466833543
2026,3,1,013402,0,1.0,HTA,2,"BLAKENEY, ANTONIO",27:21,11,2,4,2,8,1,1,0,2,2,2,0,1,0,0,1,2,7,1.0,2026-09-24,RS,HTA,MUN,27.35,2,8,0.25594149908592323
2026,3,1,009846,1,1.0,HTA,3,"BRYANT, ELIJAH",29:11,10,4,5,0,4,2,2,0,2,2,3,0,2,0,0,2,7,13,1.0,2026-09-24,RS,HTA,MUN,29.183333333333334,0,4,0.44545973729297544
2026,3,1,004846,0,0.0,HTA,10,"TIMOR, BAR",DNP,0,0,0,0,0,0,0,0,0,0,0,0,0,0,0,0,0,0,0.0,2026-09-24,RS,HTA,MUN,,0,0,
2026,3,1,013284,1,0.0,HTA,12,"WAINRIGHT, ISH",16:45,2,1,3,0,2,0,0,2,2,4,1,2,2,1,0,1,1,4,-4.0,2026-09-24,RS,HTA,MUN,16.75,0,2,0.23880597014925373
2026,3,1,002939,0,0.0,HTA,13,"SATORANSKY, TOMAS",15:55,0,0,1,0,0,0,0,0,2,2,1,0,1,0,0,1,0,0,-15.0,2026-09-24,RS,HTA,MUN,15.916666666666666,0,0,0.0
2026,3,1,008987,1,0.0,HTA,16,"LEDAY, ZACH",12:26,8,1,3,1,2,3,3,1,3,4,0,0,0,0,0,0,4,13,-3.0,2026-09-24,RS,HTA,MUN,12.433333333333334,1,2,1.0455764075067024
2026,3,1,011823,0,0.0,HTA,21,"ODIASE, TAI",06:24,0,0,0,0,0,0,0,0,1,1,0,1,1,0,0,2,2,1,4.0,2026-09-24,RS,HTA,MUN,6.4,0,0,0.15625
2026,3,1,002580,1,1.0,HTA,22,"MICIC, VASILIJE",26:20,14,2,8,1,5,7,7,0,2,2,3,0,3,0,1,4,5,6,6.0,2026-09-24,RS,HTA,MUN,26.33333333333333,1,5,0.22784810126582283
2026,3,1,012788,1,1.0,HTA,25,"OTURU, DAN",29:04,20,10,11,0,0,0,0,5,7,12,3,2,3,2,0,4,1,32,0.0,2026-09-24,RS,HTA,MUN,29.066666666666663,0,0,1.1009174311926606
2026,3,1,012096,0,0.0,HTA,51,"CABOCLO, BRUNO",DNP,0,0,0,0,0,0,0,0,0,0,0,0,0,0,0,0,0,0,0.0,2026-09-24,RS,HTA,MUN,,0,0,
2026,3,0,014134,1,1.0,MUN,0,"NORRIS, MILES",21:52,4,2,2,0,2,0,0,2,2,4,0,1,3,1,0,3,0,2,4.0,2026-09-24,RS,HTA,MUN,21.866666666666667,0,2,0.09146341463414634
2026,3,0,011244,0,0.0,MUN,1,"DA SILVA, OSCAR",09:13,0,0,0,0,1,0,0,0,0,0,1,0,0,0,0,0,1,1,-6.0,2026-09-24,RS,HTA,MUN,9.216666666666669,0,1,0.10849909584086798
2026,3,0,014732,1,1.0,MUN,3,"BEAUCHAMP, MARJON",21:43,8,1,6,2,3,0,0,0,3,3,2,3,2,0,1,3,1,5,9.0,2026-09-24,RS,HTA,MUN,21.716666666666665,2,3,0.23023791250959327
2026,3,0,007201,0,1.0,MUN,7,"VOIGTMANN, JOHANNES",19:04,10,1,1,2,3,2,2,2,3,5,3,0,0,0,0,1,1,17,7.0,2026-09-24,RS,HTA,MUN,19.066666666666663,2,3,0.8916083916083918
2026,3,0,010726,0,1.0,MUN,8,"JENSEN, TOBIAS",16:00,5,1,2,0,1,3,3,1,0,1,1,2,2,0,0,1,2,6,12.0,2026-09-24,RS,HTA,MUN,16.0,0,1,0.375
2026,3,0,013290,0,0.0,MUN,10,"JESSUP, JUSTINIAN",15:21,11,2,3,2,4,1,1,0,0,0,0,1,0,0,1,0,1,9,-4.0,2026-09-24,RS,HTA,MUN,15.35,2,4,0.5863192182410424
2026,3,0,001288,0,0.0,MUN,11,"LUCIC, VLADIMIR",10:34,0,0,1,0,0,0,0,0,1,1,1,0,0,0,0,1,1,1,-8.0,2026-09-24,RS,HTA,MUN,10.566666666666666,0,0,0.09463722397476342
2026,3,0,004508,1,0.0,MUN,13,"OBST, ANDREAS",27:48,19,4,5,3,6,2,3,0,2,2,2,0,0,0,0,2,3,19,6.0,2026-09-24,RS,HTA,MUN,27.8,3,6,0.6834532374100719
2026,3,0,009513,1,0.0,MUN,21,"HOLLATZ, JUSTUS",09:56,2,1,2,0,2,0,0,0,0,0,3,1,0,0,0,4,0,-1,5.0,2026-09-24,RS,HTA,MUN,9.933333333333334,0,2,-0.10067114093959731
2026,3,0,007519,0,0.0,MUN,31,"JOKUBAITIS, ROKAS",18:36,6,2,7,0,0,2,2,0,1,1,6,1,1,0,1,1,2,8,-14.0,2026-09-24,RS,HTA,MUN,18.6,0,0,0.4301075268817204
2026,3,0,003958,0,1.0,MUN,32,"THIEMANN, JOHANNES",19:02,15,5,6,0,2,5,6,2,5,7,1,0,2,0,0,2,5,20,4.0,2026-09-24,RS,HTA,MUN,19.03333333333333,0,2,1.0507880910683014
2026,3,0,013278,1,0.0,MUN,50,"WILEY, AUSTIN",10:51,6,2,4,0,0,2,2,1,4,5,0,1,2,0,1,4,1,4,-5.0,2026-09-24,RS,HTA,MUN,10.85,0,0,0.3686635944700461
2026,4,1,009862,1,1.0,BAR,0,"PUNTER, KEVIN",25:09,19,5,9,2,3,3,3,0,1,1,1,2,1,0,0,0,5,22,-2.0,2026-09-24,RS,BAR,IST,25.15,2,3,0.874751491053678
2026,4,1,013855,0,0.0,BAR,1,"GIBSON, UMOJA",17:40,10,2,2,2,4,0,0,2,4,6,2,0,0,0,0,1,0,15,6.0,2026-09-24,RS,BAR,IST,17.666666666666668,2,4,0.8490566037735848
2026,4,1,015138,0,1.0,BAR,2,"MARTIN, TYRESE",17:34,3,0,2,1,4,0,0,1,2,3,2,0,3,0,0,2,0,-2,5.0,2026-09-24,RS,BAR,IST,17.566666666666666,1,4,-0.11385199240986718
2026,4,1,015139,1,0.0,BAR,3,"UMUDE, STANLEY",17:42,7,3,5,0,2,1,3,1,2,3,1,1,0,1,0,3,2,6,-1.0,2026-09-24,RS,BAR,IST,17.7,0,2,0.33898305084745767
2026,4,1,014008,1,1.0,BAR,5,"ROBINSON, JUSTIN",22:20,10,1,2,2,5,2,2,0,2,2,2,0,3,0,0,1,3,9,1.0,2026-09-24,RS,BAR,IST,22.33333333333333,2,5,0.4029850746268658
2026,4,1,009992,0,0.0,BAR,8,"BRIZUELA, DARIO",19:23,20,5,6,3,4,1,2,0,2,2,0,1,3,0,0,2,1,16,14.0,2026-09-24,RS,BAR,IST,19.383333333333333,3,4,0.825451418744626
2026,4,1,010062,0,0.0,BAR,10,"UBAL, AGUSTIN",DNP,0,0,0,0,0,0,0,0,0,0,0,0,0,0,0,0,0,0,0.0,2026-09-24,RS,BAR,IST,,0,0,
2026,4,1,015140,0,0.0,BAR,13,"NKAMHOUA, OLIVIER",14:53,2,1,1,0,0,0,0,4,0,4,0,0,0,0,0,2,2,6,-3.0,2026-09-24,RS,BAR,IST,14.883333333333333,0,0,0.4031354983202688
2026,4,1,010106,0,0.0,BAR,17,"NUNEZ, JUAN",DNP,0,0,0,0,0,0,0,0,0,0,0,0,0,0,0,0,0,0,0.0,2026-09-24,RS,BAR,IST,,0,0,
2026,4,1,007553,1,1.0,BAR,22,"BALCEROWSKI, OLEK",25:07,10,3,4,0,0,4,4,1,3,4,2,0,1,1,0,4,3,14,10.0,2026-09-24,RS,BAR,IST,25.116666666666667,0,0,0.557398805573988
2026,4,1,015142,0,0.0,BAR,24,"MINAYA, JUSTIN",13:27,3,0,0,1,1,0,0,0,1,1,1,0,0,0,0,2,1,4,8.0,2026-09-24,RS,BAR,IST,13.45,1,1,0.29739776951672864
2026,4,1,007464,1,1.0,BAR,44,"PARRA, JOEL",26:45,5,1,4,1,6,0,0,0,2,2,3,0,0,1,1,3,1,0,-3.0,2026-09-24,RS,BAR,IST,26.75,1,6,0.0
2026,4,0,009754,0,1.0,IST,3,"LOYD, JORDAN",21:31,2,1,3,0,2,0,0,0,0,0,0,1,1,0,1,4,2,-5,-13.0,2026-09-24,RS,BAR,IST,21.516666666666666,0,2,-0.2323780015491867
2026,4,0,005368,0,0.0,IST,4,"YUSTA, SANTI",08:46,4,2,3,0,0,0,0,2,0,2,0,0,0,0,0,2,0,3,-6.0,2026-09-24,RS,BAR,IST,8.766666666666667,0,0,0.34220532319391633
2026,4,0,003112,1,1.0,IST,5,"SARIC, DARIO",29:19,17,3,3,1,4,8,9,0,5,5,2,0,1,0,0,0,7,26,-6.0,2026-09-24,RS,BAR,IST,29.316666666666663,1,4,0.8868675383740763
2026,4,0,013943,0,0.0,IST,11,"RUSSELL, DARON",04:57,3,1,4,0,1,1,1,0,1,1,1,1,0,0,0,1,1,2,0.0,2026-09-24,RS,BAR,IST,4.95,0,1,0.40404040404040403
2026,4,0,012742,0,0.0,IST,15,"DOZIER, PJ",13:26,3,0,1,1,4,0,0,1,2,3,0,0,0,0,0,2,0,0,-6.0,2026-09-24,RS,BAR,IST,13.433333333333334,1,4,0.0
2026,4,0,012609,1,0.0,IST,17,"MALCOLM, COLLIN",17:27,5,2,2,0,1,1,2,1,1,2,2,1,0,0,0,0,1,9,6.0,2026-09-24,RS,BAR,IST,17.45,0,1,0.5157593123209169
2026,4,0,013667,1,1.0,IST,20,"FERNANDO, BRUNO",17:45,6,3,4,0,0,0,0,0,3,3,0,1,1,0,1,4,0,3,9.0,2026-09-24,RS,BAR,IST,17.75,0,0,0.16901408450704225
2026,4,0,012710,0,0.0,IST,24,"OSMANI, ERCAN",16:03,6,3,5,0,1,0,0,2,1,3,2,0,1,0,0,1,0,6,-8.0,2026-09-24,RS,BAR,IST,16.05,0,1,0.37383177570093457
2026,4,0,008099,1,1.0,IST,32,"STRAZEL, MATTHEW",23:23,12,2,5,1,4,5,5,0,2,2,3,1,2,0,1,1,3,11,-5.0,2026-09-24,RS,BAR,IST,23.383333333333333,1,4,0.47042052744119744
2026,4,0,006372,0,0.0,IST,33,"YILMAZ, ERKAN",DNP,0,0,0,0,0,0,0,0,0,0,0,0,0,0,0,0,0,0,0.0,2026-09-24,RS,BAR,IST,,0,0,
2026,4,0,005985,1,1.0,IST,55,"JAMES, MIKE",31:50,22,6,10,1,3,7,8,0,4,4,5,0,5,1,0,3,6,23,1.0,2026-09-24,RS,BAR,IST,31.83333333333333,1,3,0.7225130890052357
2026,4,0,014102,0,0.0,IST,88,"JONES, KAI",15:33,2,1,1,0,0,0,0,2,3,5,1,0,0,0,0,1,0,7,-7.0,2026-09-24,RS,BAR,IST,15.55,0,0,0.45016077170418006
2026,2,1,011212,1,0.0,DUB,0,"OKOBO, ELIE",30:03,8,4,6,0,2,0,0,1,3,4,4,1,1,0,0,2,1,11,7.0,2026-09-24,RS,DUB,MAD,30.05,0,2,0.36605657237936773
2026,2,1,011286,1,1.0,DUB,3,"BACON, DWAYNE",29:04,24,9,11,0,2,6,7,1,4,5,4,0,1,0,0,1,5,31,20.0,2026-09-24,RS,DUB,MAD,29.066666666666663,0,2,1.0665137614678901
2026,2,1,011231,0,1.0,DUB,4,"BLOSSOMGAME, JARON",06:02,0,0,0,0,0,0,0,1,0,1,0,0,0,1,0,0,1,3,-1.0,2026-09-24,RS,DUB,MAD,6.033333333333333,0,0,0.4972375690607735
2026,2,1,014731,0,0.0,DUB,6,"MINTZ, DAVION",09:47,3,0,1,1,4,0,0,1,0,1,0,0,1,1,1,0,0,-1,-6.0,2026-09-24,RS,DUB,MAD,9.783333333333331,1,4,-0.1022146507666099
2026,2,1,003458,0,0.0,DUB,8,"BERTANS, DAVIS",10:56,3,0,0,1,2,0,0,0,0,0,0,1,0,0,0,2,0,1,-19.0,2026-09-24,RS,DUB,MAD,10.933333333333334,1,2,0.09146341463414634
2026,2,1,014031,0,0.0,DUB,11,"KONDIC, KOSTA",DNP,0,0,0,0,0,0,0,0,0,0,0,0,0,0,0,0,0,0,0.0,2026-09-24,RS,DUB,MAD,,0,0,
2026,2,1,012796,1,1.0,DUB,17,"KABENGELE, MFIONDU",24:17,9,0,4,2,6,3,4,1,6,7,3,0,2,2,1,0,3,12,12.0,2026-09-24,RS,DUB,MAD,24.28333333333333,2,6,0.4941660947151682
2026,2,1,014027,0,1.0,DUB,21,"DIAKITE, MAMADI",15:53,6,0,1,2,3,0,0,0,2,2,1,1,0,1,0,3,1,7,-11.0,2026-09-24,RS,DUB,MAD,15.883333333333333,2,3,0.4407135362014691
2026,2,1,001133,0,0.0,DUB,23,"SHENGELIA, TORNIKE",15:16,5,0,6,1,3,2,2,5,3,8,0,0,2,0,0,3,2,2,-8.0,2026-09-24,RS,DUB,MAD,15.266666666666667,1,3,0.13100436681222707
2026,2,1,012606,1,0.0,DUB,25,"WRIGHT IV, MCKINLEY",24:07,12,3,6,1,2,3,5,2,3,5,3,0,3,0,1,3,2,9,5.0,2026-09-24,RS,DUB,MAD,24.116666666666667,1,2,0.3731859018659295
2026,2,1,011194,1,1.0,DUB,30,"PETRUSEV, FILIP",18:52,3,0,3,1,1,0,0,2,4,6,2,0,0,0,1,1,2,8,10.0,2026-09-24,RS,DUB,MAD,18.866666666666667,1,1,0.42402826855123676
2026,2,1,008855,0,0.0,DUB,44,"WALKUP, THOMAS",15:43,5,1,2,1,3,0,0,0,0,0,0,0,2,0,1,1,0,-2,-4.0,2026-09-24,RS,DUB,MAD,15.716666666666669,1,3,-0.12725344644750794
2026,2,0,012080,1,1.0,MAD,3,"LUWAWU-CABARROT, TIMOTHE",21:33,11,3,6,1,3,2,2,0,0,0,0,1,0,0,1,2,1,5,-4.0,2026-09-24,RS,DUB,MAD,21.55,1,3,0.23201856148491878
2026,2,0,010393,1,1.0,MAD,4,"PRADILLA, JAIME",20:03,5,1,2,1,2,0,0,0,2,2,0,1,0,0,0,1,1,6,-1.0,2026-09-24,RS,DUB,MAD,20.05,1,2,0.29925187032418954
2026,2,0,003733,1,0.0,MAD,6,"ABALDE, ALBERTO",14:46,3,0,3,1,2,0,0,0,0,0,1,0,0,0,0,1,0,-1,-3.0,2026-09-24,RS,DUB,MAD,14.766666666666667,1,2,-0.06772009029345372
2026,2,0,005928,1,1.0,MAD,7,"CAMPAZZO, FACUNDO",17:42,6,2,5,0,3,2,2,0,2,2,2,1,1,0,0,1,4,7,-1.0,2026-09-24,RS,DUB,MAD,17.7,0,3,0.3954802259887006
2026,2,0,008384,0,0.0,MAD,9,"PROCIDA, GABRIELE",03:46,0,0,0,0,0,0,0,0,1,1,0,0,0,0,0,0,0,1,0.0,2026-09-24,RS,DUB,MAD,3.7666666666666666,0,0,0.26548672566371684
2026,2,0,007027,0,0.0,MAD,12,"MALEDON, THEO",22:18,11,4,8,0,1,3,4,0,4,4,6,1,0,1,1,3,3,16,0.0,2026-09-24,RS,DUB,MAD,22.3,0,1,0.7174887892376681
2026,2,0,009005,0,0.0,MAD,14,"DECK, GABRIEL",16:30,0,0,0,0,2,0,0,0,1,1,0,0,1,0,0,1,1,-2,2.0,2026-09-24,RS,DUB,MAD,16.5,0,2,-0.12121212121212122
2026,2,0,012613,0,0.0,MAD,20,"JANTUNEN, MIKAEL",19:57,10,2,2,2,3,0,0,0,1,1,0,0,0,1,0,2,1,10,0.0,2026-09-24,RS,DUB,MAD,19.95,2,3,0.5012531328320802
2026,2,0,005791,1,1.0,MAD,22,"TAVARES, WALTER",21:03,8,4,7,0,0,0,0,2,2,4,0,1,2,1,2,4,2,5,9.0,2026-09-24,RS,DUB,MAD,21.05,0,0,0.2375296912114014
2026,2,0,011247,0,1.0,MAD,24,"FELIZ, ANDRES",23:25,9,3,9,1,2,0,0,1,4,5,4,0,2,1,1,1,0,8,3.0,2026-09-24,RS,DUB,MAD,23.416666666666668,1,2,0.3416370106761566
2026,2,0,015103,0,0.0,MAD,30,"JONES, DAMIAN",14:49,10,5,7,0,0,0,0,4,1,5,0,0,1,1,0,1,0,12,-7.0,2026-09-24,RS,DUB,MAD,14.816666666666666,0,0,0.8098987626546682
2026,2,0,006833,0,0.0,MAD,33,"SARR, OLIVIER",04:08,4,1,1,0,0,2,3,1,1,2,0,0,0,0,0,0,2,7,-3.0,2026-09-24,RS,DUB,MAD,4.133333333333334,0,0,1.693548387096774
2026,8,1,013285,0,1.0,BES,1,"DOTSON, DEVON",22:07,9,1,1,1,2,4,6,0,0,0,4,0,1,0,0,3,6,12,-6.0,2026-09-25,RS,BES,PAM,22.116666666666667,1,2,0.5425772418990203
2026,8,1,014785,1,0.0,BES,2,"JEFFRIES, DAQUAN",05:27,0,0,0,0,1,0,0,0,0,0,1,0,1,1,0,3,0,-3,1.0,2026-09-25,RS,BES,PAM,5.45,0,1,-0.5504587155963303
2026,8,1,013250,1,0.0,BES,5,"DEJULIUS, DAVID",12:39,4,2,4,0,0,0,0,0,1,1,4,1,1,0,0,1,0,6,-11.0,2026-09-25,RS,BES,PAM,12.65,0,0,0.4743083003952569
2026,8,1,003783,0,0.0,BES,6,"UGURLU, BERK",05:14,3,0,0,1,1,0,0,0,0,0,2,0,0,0,0,0,1,6,15.0,2026-09-25,RS,BES,PAM,5.233333333333333,1,1,1.1464968152866242
2026,8,1,009680,0,1.0,BES,9,"MORGAN, CONOR",20:13,15,0,1,5,6,0,0,0,2,2,1,0,2,1,0,3,0,12,-5.0,2026-09-25,RS,BES,PAM,20.216666666666665,5,6,0.5935696619950537
2026,8,1,003091,0,0.0,BES,11,"BIRSEN, METECAN",DNP,0,0,0,0,0,0,0,0,0,0,0,0,0,0,0,0,0,0,0.0,2026-09-25,RS,BES,PAM,,0,0,
2026,8,1,006661,0,1.0,BES,12,"WILBEKIN, SCOTTIE",24:10,12,3,6,2,6,0,1,0,1,1,5,1,0,0,0,2,4,13,-3.0,2026-09-25,RS,BES,PAM,24.166666666666668,2,6,0.5379310344827586
2026,8,1,014207,1,1.0,BES,20,"OMORUYI, EUGENE",26:16,17,4,5,1,6,6,8,0,4,4,3,1,4,0,0,4,6,15,3.0,2026-09-25,RS,BES,PAM,26.266666666666666,1,6,0.5710659898477157
2026,8,1,009025,0,0.0,BES,21,"BROWN, ANTHONY",24:52,7,2,3,1,5,0,0,1,2,3,1,1,2,0,0,3,1,3,5.0,2026-09-25,RS,BES,PAM,24.866666666666667,1,5,0.12064343163538874
2026,8,1,014786,1,1.0,BES,24,"NOWELL, JAYLEN",28:14,17,4,8,2,4,3,3,0,4,4,2,0,2,0,0,4,2,13,-3.0,2026-09-25,RS,BES,PAM,28.23333333333333,2,4,0.46044864226682414
2026,8,1,013383,0,0.0,BES,32,"GABRIEL, WENYEN",15:00,6,2,2,0,0,2,2,0,2,2,0,0,0,1,0,3,1,7,10.0,2026-09-25,RS,BES,PAM,15.0,0,0,0.4666666666666667
2026,8,1,004554,1,0.0,BES,41,"ZIZIC, ANTE",15:48,4,1,1,0,0,2,3,4,3,7,0,1,0,0,0,0,3,14,-16.0,2026-09-25,RS,BES,PAM,15.8,0,0,0.8860759493670886
2026,8,0,012608,1,1.0,PAM,0,"SHORTS, TJ",23:33,26,9,17,2,3,2,2,0,1,1,2,1,2,0,1,3,5,20,8.0,2026-09-25,RS,BES,PAM,23.55,2,3,0.8492569002123141
2026,8,0,011217,1,1.0,PAM,1,"TAYLOR, KAMERON",23:37,12,3,5,1,1,3,5,1,6,7,2,0,1,0,0,3,4,17,10.0,2026-09-25,RS,BES,PAM,23.616666666666667,1,1,0.7198306280875089
2026,8,0,006643,0,0.0,PAM,2,"PUERTO, JOSEP",11:19,0,0,0,0,0,0,0,0,1,1,1,0,1,0,0,0,0,1,-10.0,2026-09-25,RS,BES,PAM,11.316666666666666,0,0,0.08836524300441827
2026,8,0,012738,1,0.0,PAM,3,"REUVERS, NATHAN",21:05,5,1,3,1,2,0,0,3,0,3,0,1,2,0,0,2,1,3,-11.0,2026-09-25,RS,BES,PAM,21.08333333333333,1,2,0.14229249011857711
2026,8,0,011706,1,0.0,PAM,5,"SAINT-SUPERY, MARIO",16:26,7,1,2,1,2,2,2,0,1,1,3,2,3,0,0,2,4,10,9.0,2026-09-25,RS,BES,PAM,16.433333333333334,1,2,0.6085192697768762
2026,8,0,014741,0,0.0,PAM,7,"CARDENAS, ALVARO",09:39,0,0,0,0,1,0,0,0,0,0,3,0,1,0,0,1,1,1,0.0,2026-09-25,RS,BES,PAM,9.65,0,1,0.10362694300518134
2026,8,0,010581,1,1.0,PAM,8,"OSETKOWSKI, DYLAN",17:44,1,0,1,0,1,1,1,1,4,5,0,1,0,0,0,3,0,2,13.0,2026-09-25,RS,BES,PAM,17.733333333333334,0,1,0.11278195488721804
2026,8,0,014115,0,0.0,PAM,10,"MOORE, OMARI",12:50,2,1,5,0,1,0,0,3,2,5,2,0,0,0,0,1,0,3,-9.0,2026-09-25,RS,BES,PAM,12.833333333333334,0,1,0.23376623376623376
2026,8,0,013384,0,1.0,PAM,12,"BROOKS, ARMONI",23:22,10,2,5,2,6,0,0,1,4,5,3,0,2,0,1,1,0,7,-8.0,2026-09-25,RS,BES,PAM,23.366666666666667,2,6,0.29957203994293863
2026,8,0,010545,0,0.0,PAM,13,"SAKO, NEAL",11:23,10,4,4,0,0,2,2,0,2,2,2,0,0,0,0,4,3,13,2.0,2026-09-25,RS,BES,PAM,11.383333333333333,0,0,1.1420204978038069
2026,8,0,000796,0,0.0,PAM,33,"MIROTIC, NIKOLA",13:45,13,2,3,1,3,6,6,1,2,3,0,1,0,0,0,2,5,17,2.0,2026-09-25,RS,BES,PAM,13.75,1,3,1.2363636363636363
2026,8,0,011214,0,1.0,PAM,41,"RIVERO, JASIEL",15:17,10,2,4,1,1,3,3,2,1,3,0,0,1,0,1,2,3,10,4.0,2026-09-25,RS,BES,PAM,15.283333333333331,1,1,0.6543075245365323
2026,9,1,009863,0,0.0,ULK,2,"BALDWIN IV, WADE",23:16,12,3,4,0,4,6,8,0,4,4,6,0,4,0,0,2,4,13,14.0,2026-09-25,RS,ULK,VIR,23.266666666666666,0,4,0.5587392550143266
2026,9,1,002849,0,1.0,ULK,4,"MELLI, NICOLO",24:56,4,2,4,0,1,0,0,1,4,5,1,2,2,3,1,3,2,8,5.0,2026-09-25,RS,ULK,VIR,24.933333333333334,0,1,0.32085561497326204
2026,9,1,002968,1,0.0,ULK,5,"SANLI, SERTAC",10:01,5,0,0,1,3,2,2,0,3,3,0,0,0,0,0,3,1,4,4.0,2026-09-25,RS,ULK,VIR,10.016666666666667,1,3,0.39933444259567386
2026,9,1,014124,1,1.0,ULK,8,"HORTON TUCKER, TALEN",22:56,13,1,4,2,3,5,5,0,3,3,1,1,2,0,0,3,6,15,6.0,2026-09-25,RS,ULK,VIR,22.933333333333334,2,3,0.6540697674418604
2026,9,1,014733,0,0.0,ULK,9,"JUZANG, JOHNNY",DNP,0,0,0,0,0,0,0,0,0,0,0,0,0,0,0,0,0,0,0.0,2026-09-25,RS,ULK,VIR,,0,0,
2026,9,1,013367,1,1.0,ULK,11,"FORREST, TRENT",25:19,4,2,4,0,3,0,0,3,2,5,3,1,1,0,0,1,1,7,12.0,2026-09-25,RS,ULK,VIR,25.316666666666663,0,3,0.2764976958525346
2026,9,1,014168,1,1.0,ULK,12,"KEY, BRAXTON",24:48,11,4,5,0,0,3,6,3,7,10,3,1,1,0,0,1,3,22,2.0,2026-09-25,RS,ULK,VIR,24.8,0,0,0.8870967741935484
2026,9,1,007929,0,0.0,ULK,17,"BITIM, ONURALP",DNP,0,0,0,0,0,0,0,0,0,0,0,0,0,0,0,0,0,0,0.0,2026-09-25,RS,ULK,VIR,,0,0,
2026,9,1,004888,0,0.0,ULK,21,"CLYBURN, WILL",19:06,8,2,5,0,3,4,4,0,3,3,1,2,0,0,1,0,3,10,7.0,2026-09-25,RS,ULK,VIR,19.1,0,3,0.5235602094240838
2026,9,1,014220,0,0.0,ULK,30,"SILVA, CHRIS",06:30,3,1,1,0,0,1,2,1,1,2,0,0,2,0,0,3,1,0,1.0,2026-09-25,RS,ULK,VIR,6.5,0,0,0.0
2026,9,1,007831,1,1.0,ULK,31,"SHIELDS, SHAVON",26:49,12,4,6,0,2,4,5,0,2,2,3,1,0,0,0,2,3,14,-7.0,2026-09-25,RS,ULK,VIR,26.816666666666663,0,2,0.5220633934120572
2026,9,1,006896,0,0.0,ULK,43,"SARGIUNAS, IGNAS",16:19,6,2,2,0,2,2,2,0,1,1,0,0,1,0,0,1,1,4,6.0,2026-09-25,RS,ULK,VIR,16.316666666666666,0,2,0.24514811031664965
2026,9,0,014802,0,0.0,VIR,0,"BELLO, RASHEED",12:43,6,3,6,0,3,0,0,0,1,1,0,1,3,0,1,4,2,-4,-6.0,2026-09-25,RS,ULK,VIR,12.716666666666669,0,3,-0.31454783748361725
2026,9,0,015029,0,1.0,VIR,1,"FRAZIER, TRENT",17:20,8,2,5,0,7,4,4,0,2,2,3,0,3,0,1,1,4,2,-10.0,2026-09-25,RS,ULK,VIR,17.333333333333332,0,7,0.11538461538461539
2026,9,0,012707,1,1.0,VIR,2,"CARR, MARCUS",20:00,12,4,9,1,4,1,2,0,0,0,4,0,2,0,1,3,3,4,3.0,2026-09-25,RS,ULK,VIR,20.0,1,4,0.2
2026,9,0,014737,1,1.0,VIR,8,"MOORE, WENDELL",25:46,9,3,4,1,5,0,0,1,6,7,1,0,0,0,0,2,1,11,-1.0,2026-09-25,RS,ULK,VIR,25.766666666666666,1,5,0.4269081500646831
2026,9,0,014416,0,1.0,VIR,9,"EDWARDS, KESSLER",23:54,2,1,1,0,0,0,0,1,6,7,1,0,0,1,0,1,2,12,-18.0,2026-09-25,RS,ULK,VIR,23.9,0,0,0.502092050209205
2026,9,0,006707,0,0.0,VIR,11,"BALDASSO, TOMMASO",DNP,0,0,0,0,0,0,0,0,0,0,0,0,0,0,0,0,0,0,0.0,2026-09-25,RS,ULK,VIR,,0,0,
2026,9,0,014005,1,1.0,VIR,21,"ALSTON JR., DERRICK",25:53,10,2,5,2,5,0,0,0,2,2,1,0,1,0,0,3,1,4,-11.0,2026-09-25,RS,ULK,VIR,25.883333333333333,2,5,0.15453960077269802
2026,9,0,001844,0,0.0,VIR,23,"HACKETT, DANIEL",15:05,0,0,0,0,1,0,0,1,3,4,1,0,1,0,0,2,0,1,-10.0,2026-09-25,RS,ULK,VIR,15.083333333333334,0,1,0.06629834254143646
2026,9,0,014219,0,0.0,VIR,24,"FERRARI, FRANCESCO",03:58,2,1,1,0,0,0,0,1,0,1,0,0,0,0,0,0,0,3,5.0,2026-09-25,RS,ULK,VIR,3.966666666666667,0,0,0.7563025210084033
2026,9,0,014108,1,0.0,VIR,31,"DIARRA, ALIOU",21:44,8,3,5,0,0,2,2,0,1,1,1,0,0,1,0,1,2,10,7.0,2026-09-25,RS,ULK,VIR,21.73333333333333,0,0,0.46012269938650313
2026,9,0,014738,1,0.0,VIR,34,"KLINTMAN, BO",21:00,4,2,2,0,1,0,0,1,3,4,2,0,1,0,0,5,0,3,6.0,2026-09-25,RS,ULK,VIR,21.0,0,1,0.14285714285714285
2026,9,0,013374,0,0.0,VIR,35,"DIOUF, MOUHAMET",12:37,7,1,2,0,0,5,6,2,1,3,0,1,1,0,0,3,4,9,-15.0,2026-09-25,RS,ULK,VIR,12.616666666666667,0,0,0.71334214002642
2026,10,1,011924,0,0.0,PAR,0,"ALLMAN, KYLE",16:10,8,4,5,0,1,0,1,0,2,2,1,0,1,0,0,2,1,6,10.0,2026-09-25,RS,PAR,MIL,16.166666666666668,0,1,0.37113402061855666
2026,10,1,013369,1,1.0,PAR,1,"JONES, CARLIK",26:52,20,2,5,4,6,4,4,2,2,4,10,0,0,0,0,1,5,33,9.0,2026-09-25,RS,PAR,MIL,26.866666666666667,4,6,1.228287841191067
2026,10,1,007947,0,0.0,PAR,3,"VILDOZA, LUCA",17:16,7,0,0,2,5,1,2,0,1,1,3,4,2,0,0,2,2,9,11.0,2026-09-25,RS,PAR,MIL,17.266666666666666,2,5,0.5212355212355213
2026,10,1,014742,1,0.0,PAR,5,"THOMPSON, ETHAN",11:36,5,1,2,1,3,0,0,1,0,1,0,0,1,0,0,3,0,-1,3.0,2026-09-25,RS,PAR,MIL,11.6,1,3,-0.08620689655172414
2026,10,1,007632,0,0.0,PAR,7,"NAKIC, MARIO",DNP,0,0,0,0,0,0,0,0,0,0,0,0,0,0,0,0,0,0,0.0,2026-09-25,RS,PAR,MIL,,0,0,
2026,10,1,005637,0,0.0,PAR,10,"TANASKOVIC, NIKOLA",23:02,7,3,6,0,0,1,2,4,2,6,0,1,0,0,1,1,1,9,9.0,2026-09-25,RS,PAR,MIL,23.03333333333333,0,0,0.39073806078147616
2026,10,1,014009,1,1.0,PAR,11,"STEVENS, LAMAR",23:33,11,5,9,0,1,1,1,0,5,5,0,2,0,0,0,0,1,14,4.0,2026-09-25,RS,PAR,MIL,23.55,0,1,0.5944798301486199
2026,10,1,010390,1,1.0,PAR,13,"HAYES, KEVARRIUS",16:38,10,5,6,0,0,0,0,1,2,3,1,0,0,2,0,4,1,12,13.0,2026-09-25,RS,PAR,MIL,16.633333333333333,0,0,0.7214428857715431
2026,10,1,007736,0,1.0,PAR,19,"LAKIC, ARIJAN",20:55,7,0,0,2,4,1,2,0,1,1,0,0,1,0,0,3,2,3,8.0,2026-09-25,RS,PAR,MIL,20.916666666666668,2,4,0.14342629482071712
2026,10,1,009733,0,0.0,PAR,23,"JEKIRI, TONYE",20:18,7,2,3,0,0,3,4,0,1,1,3,3,2,1,0,1,4,14,3.0,2026-09-25,RS,PAR,MIL,20.3,0,0,0.689655172413793
2026,10,1,009664,1,0.0,PAR,35,"WILLIS, DEREK",03:09,3,0,0,1,1,0,0,0,1,1,0,0,0,1,0,0,0,5,4.0,2026-09-25,RS,PAR,MIL,3.15,1,1,1.5873015873015874
2026,10,1,006739,0,1.0,PAR,66,"PAJOLA, ALESSANDRO",20:31,7,1,2,1,3,2,2,0,4,4,3,2,2,0,0,1,3,13,6.0,2026-09-25,RS,PAR,MIL,20.516666666666666,1,3,0.6336311941510967
2026,10,0,014782,0,1.0,MIL,0,"BURNELL, JASON",11:54,3,0,1,1,2,0,0,0,1,1,1,1,0,0,0,4,0,0,-6.0,2026-09-25,RS,PAR,MIL,11.9,1,2,0.0
2026,10,0,013929,1,0.0,MIL,2,"COLE, RJ",08:13,0,0,0,0,1,0,0,0,0,0,0,0,2,0,0,3,0,-6,-7.0,2026-09-25,RS,PAR,MIL,8.216666666666667,0,1,-0.7302231237322515
2026,10,0,012878,1,0.0,MIL,5,"WRIGHT, MOSES",27:29,6,2,4,0,1,2,3,2,5,7,3,0,4,0,0,3,3,8,-7.0,2026-09-25,RS,PAR,MIL,27.48333333333333,0,1,0.2910855063674955
2026,10,0,006509,0,0.0,MIL,7,"TONUT, STEFANO",DNP,0,0,0,0,0,0,0,0,0,0,0,0,0,0,0,0,0,0,0.0,2026-09-25,RS,PAR,MIL,,0,0,
2026,10,0,008985,0,0.0,MIL,10,"BOLMARO, LEANDRO",23:57,1,0,3,0,0,1,2,0,2,2,2,0,1,1,0,2,2,1,-9.0,2026-09-25,RS,PAR,MIL,23.95,0,0,0.04175365344467641
2026,10,0,011078,0,1.0,MIL,13,"THOMPSON, DARIUS",21:23,7,3,4,0,2,1,1,0,0,0,2,1,2,0,0,3,1,3,-7.0,2026-09-25,RS,PAR,MIL,21.383333333333333,0,2,0.1402961808261886
2026,10,0,001518,0,1.0,MIL,17,"RICCI, GIAMPAOLO",05:57,3,0,0,1,1,0,0,0,2,2,0,0,0,0,0,0,1,6,-8.0,2026-09-25,RS,PAR,MIL,5.95,1,1,1.0084033613445378
2026,10,0,005670,0,1.0,MIL,21,"FLACCADORI, DIEGO",03:22,0,0,0,0,0,0,0,0,0,0,0,0,1,0,0,0,0,-1,1.0,2026-09-25,RS,PAR,MIL,3.3666666666666667,0,0,-0.297029702970297
2026,10,0,011205,1,0.0,MIL,22,"HALL, DEVON",27:52,13,2,5,3,6,0,0,1,4,5,3,0,1,0,1,0,3,16,-4.0,2026-09-25,RS,PAR,MIL,27.866666666666667,3,6,0.5741626794258373
2026,10,0,004004,1,0.0,MIL,23,"GUDURIC, MARKO",29:20,17,4,7,3,6,0,0,0,3,3,5,0,2,0,1,1,0,15,-20.0,2026-09-25,RS,PAR,MIL,29.33333333333333,3,6,0.5113636363636365
2026,10,0,008829,1,1.0,MIL,25,"PETERS, ALEC",30:10,17,3,5,2,2,5,5,1,1,2,1,0,1,0,2,2,8,21,-3.0,2026-09-25,RS,PAR,MIL,30.166666666666668,2,2,0.6961325966850829
2026,10,0,007056,0,0.0,MIL,31,"BOOKER, DEVIN",10:23,9,3,5,1,2,0,0,1,2,3,0,0,1,0,0,2,0,6,-10.0,2026-09-25,RS,PAR,MIL,10.383333333333333,1,2,0.5778491171749599
2026,15,1,012608,1,0.0,PAM,0,"SHORTS, TJ",18:52,12,5,8,0,0,2,2,0,0,0,10,1,1,0,0,2,3,20,19.0,2026-09-29,RS,PAM,BAS,18.866666666666667,0,0,1.0600706713780919
2026,15,1,011217,1,0.0,PAM,1,"TAYLOR, KAMERON",18:05,6,3,3,0,0,0,0,0,4,4,3,2,1,1,0,2,0,13,23.0,2026-09-29,RS,PAM,BAS,18.08333333333333,0,0,0.7188940092165901
2026,15,1,006643,0,0.0,PAM,2,"PUERTO, JOSEP",17:00,13,1,2,3,5,2,2,1,1,2,0,0,0,1,0,2,2,13,0.0,2026-09-29,RS,PAM,BAS,17.0,3,5,0.7647058823529411
2026,15,1,012738,1,0.0,PAM,3,"REUVERS, NATHAN",10:57,7,2,4,0,1,3,3,2,0,2,1,1,1,0,0,2,2,7,16.0,2026-09-29,RS,PAM,BAS,10.95,0,1,0.6392694063926941
2026,15,1,011706,1,1.0,PAM,5,"SAINT-SUPERY, MARIO",16:27,3,0,3,1,3,0,0,1,1,2,0,0,1,0,0,2,1,-2,5.0,2026-09-29,RS,PAM,BAS,16.45,1,3,-0.12158054711246201
2026,15,1,010581,0,1.0,PAM,8,"OSETKOWSKI, DYLAN",19:26,12,2,2,2,3,2,2,1,6,7,1,1,0,0,0,1,1,20,13.0,2026-09-29,RS,PAM,BAS,19.433333333333334,2,3,1.0291595197255574
2026,15,1,014115,0,1.0,PAM,10,"MOORE, OMARI",19:50,10,4,9,0,0,2,3,3,0,3,6,0,2,0,1,0,2,12,3.0,2026-09-29,RS,PAM,BAS,19.83333333333333,0,0,0.6050420168067229
2026,15,1,013384,0,0.0,PAM,12,"BROOKS, ARMONI",18:15,17,2,2,4,7,1,2,0,1,1,2,3,1,0,0,2,2,18,18.0,2026-09-29,RS,PAM,BAS,18.25,4,7,0.9863013698630136
2026,15,1,010545,0,1.0,PAM,13,"SAKO, NEAL",17:13,4,2,5,0,0,0,2,1,4,5,2,0,3,1,1,1,2,4,8.0,2026-09-29,RS,PAM,BAS,17.216666666666665,0,0,0.23233301064859635
2026,15,1,014740,0,1.0,PAM,20,"CORBALAN, GONZALO",11:41,4,1,3,0,2,2,2,1,0,1,0,0,0,0,2,1,2,0,1.0,2026-09-29,RS,PAM,BAS,11.683333333333334,0,2,0.0
2026,15,1,000796,1,0.0,PAM,33,"MIROTIC, NIKOLA",16:09,13,2,2,2,5,3,3,1,3,4,1,1,0,0,0,0,1,17,4.0,2026-09-29,RS,PAM,BAS,16.15,2,5,1.0526315789473686
2026,15,1,011214,0,0.0,PAM,41,"RIVERO, JASIEL",16:05,10,2,6,1,1,3,3,1,2,3,1,0,1,1,1,3,4,10,5.0,2026-09-29,RS,PAM,BAS,16.083333333333332,1,1,0.6217616580310882
2026,15,0,011948,0,0.0,BAS,0,"HOWARD, MARKUS",10:24,5,1,4,1,4,0,0,0,0,0,0,0,2,0,1,2,1,-5,-16.0,2026-09-29,RS,PAM,BAS,10.4,1,4,-0.4807692307692307
2026,15,0,014734,0,0.0,BAS,1,"LAWSON, A.J.",22:28,13,2,3,2,5,3,4,0,2,2,2,0,0,0,0,3,4,13,-19.0,2026-09-29,RS,PAM,BAS,22.466666666666665,2,5,0.5786350148367952
2026,15,0,014152,0,0.0,BAS,2,"SIMMONS, KOBI",11:02,0,0,1,0,1,0,0,0,2,2,1,0,0,1,0,1,0,1,-7.0,2026-09-29,RS,PAM,BAS,11.033333333333331,0,1,0.09063444108761332
2026,15,0,012700,1,1.0,BAS,3,"STEWART, DJ",22:49,14,6,7,0,1,2,2,2,0,2,4,1,2,0,0,0,1,18,-14.0,2026-09-29,RS,PAM,BAS,22.816666666666663,0,1,0.7888970051132215
2026,15,0,014735,1,1.0,BAS,5,"DUARTE, CHRIS",21:10,9,2,7,1,4,2,2,1,2,3,0,1,2,0,1,3,4,3,-1.0,2026-09-29,RS,PAM,BAS,21.166666666666668,1,4,0.14173228346456693
2026,15,0,014107,0,1.0,BAS,6,"JOKSIMOVIC, STEFAN",08:15,2,1,3,0,0,0,0,1,2,3,4,1,0,1,1,2,1,7,3.0,2026-09-29,RS,PAM,BAS,8.25,0,0,0.8484848484848485
2026,15,0,005713,1,0.0,BAS,7,"KURUCS, RODIONS",15:05,0,0,0,0,2,0,0,1,7,8,3,0,3,0,0,5,2,3,-2.0,2026-09-29,RS,PAM,BAS,15.083333333333334,0,2,0.19889502762430938
2026,15,0,007230,1,0.0,BAS,8,"SEDEKERSKIS, TADAS",22:08,16,8,8,0,3,0,0,3,4,7,0,0,0,0,0,1,0,19,-23.0,2026-09-29,RS,PAM,BAS,22.133333333333333,0,3,0.858433734939759
2026,15,0,008173,0,1.0,BAS,10,"SPAGNOLO, MATTEO",21:03,5,1,2,1,5,0,0,0,1,1,5,1,2,0,1,1,1,4,2.0,2026-09-29,RS,PAM,BAS,21.05,1,5,0.19002375296912113
2026,15,0,014736,1,0.0,BAS,12,"BAUGH, DAMION",14:26,4,2,3,0,2,0,1,0,1,1,4,2,3,0,0,2,1,3,-20.0,2026-09-29,RS,PAM,BAS,14.433333333333334,0,2,0.20785219399538105
2026,15,0,014026,0,1.0,BAS,25,"FRISCH, CLEMENT",07:41,5,1,1,0,0,3,4,1,1,2,0,0,0,0,0,1,2,7,-5.0,2026-09-29,RS,PAM,BAS,7.683333333333334,0,0,0.911062906724512
2026,15,0,011284,0,0.0,BAS,35,"FARIED, KENNETH",23:29,15,6,8,1,1,0,0,3,2,5,0,1,2,3,0,1,1,20,-13.0,2026-09-29,RS,PAM,BAS,23.48333333333333,1,1,0.85166784953868
2026,11,1,009754,0,1.0,IST,3,"LOYD, JORDAN",17:10,12,2,4,2,3,2,2,1,3,4,1,0,0,0,1,3,2,12,-3.0,2026-09-29,RS,IST,MAD,17.166666666666668,2,3,0.6990291262135921
2026,11,1,005368,0,0.0,IST,4,"YUSTA, SANTI",07:18,3,0,1,1,1,0,0,0,0,0,1,0,0,0,1,1,0,1,15.0,2026-09-29,RS,IST,MAD,7.3,1,1,0.136986301369863
2026,11,1,003112,1,1.0,IST,5,"SARIC, DARIO",22:04,10,2,4,1,3,3,3,1,2,3,4,0,2,0,0,3,2,10,11.0,2026-09-29,RS,IST,MAD,22.066666666666663,1,3,0.4531722054380665
2026,11,1,013943,0,0.0,IST,11,"RUSSELL, DARON",08:10,5,1,3,1,2,0,0,0,1,1,1,1,1,0,0,1,1,4,12.0,2026-09-29,RS,IST,MAD,8.166666666666666,1,2,0.489795918367347
2026,11,1,012742,1,1.0,IST,15,"DOZIER, PJ",18:08,18,4,7,2,3,4,4,1,0,1,3,2,2,0,0,2,2,18,12.0,2026-09-29,RS,IST,MAD,18.133333333333333,2,3,0.9926470588235294
2026,11,1,012609,0,0.0,IST,17,"MALCOLM, COLLIN",15:47,2,0,0,0,1,2,2,0,0,0,0,1,0,0,0,1,1,2,-12.0,2026-09-29,RS,IST,MAD,15.783333333333331,0,1,0.12671594508975714
2026,11,1,013667,1,0.0,IST,20,"FERNANDO, BRUNO",18:35,8,4,4,0,0,0,0,1,3,4,0,0,1,0,0,4,3,10,-5.0,2026-09-29,RS,IST,MAD,18.58333333333333,0,0,0.5381165919282512
2026,11,1,012710,0,0.0,IST,24,"OSMANI, ERCAN",19:56,5,2,4,0,2,1,1,0,0,0,0,0,0,0,0,1,2,2,-1.0,2026-09-29,RS,IST,MAD,19.933333333333334,0,2,0.10033444816053512
2026,11,1,008099,1,1.0,IST,32,"STRAZEL, MATTHEW",23:32,14,1,5,2,5,6,7,0,3,3,4,1,2,0,3,3,5,11,3.0,2026-09-29,RS,IST,MAD,23.53333333333333,2,5,0.4674220963172805
2026,11,1,006372,0,0.0,IST,33,"YILMAZ, ERKAN",DNP,0,0,0,0,0,0,0,0,0,0,0,0,0,0,0,0,0,0,0.0,2026-09-29,RS,IST,MAD,,0,0,
2026,11,1,005985,1,1.0,IST,55,"JAMES, MIKE",31:20,12,4,9,1,5,1,2,0,2,2,4,3,1,0,0,2,5,13,10.0,2026-09-29,RS,IST,MAD,31.33333333333333,1,5,0.41489361702127664
2026,11,1,014102,0,0.0,IST,88,"JONES, KAI",18:00,5,2,3,0,0,1,1,1,2,3,0,3,1,2,0,0,1,12,8.0,2026-09-29,RS,IST,MAD,18.0,0,0,0.6666666666666666
2026,11,0,015244,1,1.0,MAD,1,"SMITH JR, NICK",13:29,10,1,1,1,2,5,6,2,0,2,1,1,2,1,0,4,3,10,-7.0,2026-09-29,RS,IST,MAD,13.483333333333333,1,2,0.7416563658838072
2026,11,0,012080,0,0.0,MAD,3,"LUWAWU-CABARROT, TIMOTHE",10:48,0,0,3,0,2,0,0,0,0,0,0,0,2,0,0,3,0,-10,-5.0,2026-09-29,RS,IST,MAD,10.8,0,2,-0.9259259259259258
2026,11,0,010393,1,0.0,MAD,4,"PRADILLA, JAIME",10:29,4,1,1,0,1,2,2,0,1,1,2,1,0,0,0,1,2,8,-7.0,2026-09-29,RS,IST,MAD,10.483333333333333,0,1,0.7631160572337043
2026,11,0,003733,0,0.0,MAD,6,"ABALDE, ALBERTO",12:11,3,0,1,1,1,0,0,1,2,3,3,0,0,0,0,2,0,6,-3.0,2026-09-29,RS,IST,MAD,12.183333333333334,1,1,0.49247606019151846
2026,11,0,005928,1,1.0,MAD,7,"CAMPAZZO, FACUNDO",22:55,16,4,6,2,4,2,2,2,1,3,3,0,5,0,0,0,3,16,-11.0,2026-09-29,RS,IST,MAD,22.916666666666668,2,4,0.6981818181818181
2026,11,0,014006,0,1.0,MAD,8,"OKEKE, CHUMA",20:05,11,1,1,3,6,0,0,0,4,4,1,0,1,1,0,0,1,14,7.0,2026-09-29,RS,IST,MAD,20.08333333333333,3,6,0.6970954356846475
2026,11,0,007027,0,1.0,MAD,12,"MALEDON, THEO",20:27,9,2,3,0,3,5,6,2,2,4,5,0,4,0,1,2,6,12,-6.0,2026-09-29,RS,IST,MAD,20.45,0,3,0.58679706601467
2026,11,0,009005,1,0.0,MAD,14,"DECK, GABRIEL",21:53,2,1,1,0,0,0,0,0,3,3,1,0,1,0,0,2,0,3,-2.0,2026-09-29,RS,IST,MAD,21.883333333333333,0,0,0.1370906321401371
2026,11,0,012613,0,1.0,MAD,20,"JANTUNEN, MIKAEL",18:43,7,1,3,1,6,2,2,1,2,3,2,0,0,0,0,3,3,5,-17.0,2026-09-29,RS,IST,MAD,18.716666666666665,1,6,0.26714158504007124
2026,11,0,005791,1,0.0,MAD,22,"TAVARES, WALTER",22:04,8,4,4,0,0,0,0,2,5,7,0,1,3,2,0,1,0,14,-8.0,2026-09-29,RS,IST,MAD,22.066666666666663,0,0,0.6344410876132932
2026,11,0,011247,0,0.0,MAD,24,"FELIZ, ANDRES",18:17,10,2,4,1,1,3,4,0,3,3,5,1,2,1,1,2,3,15,4.0,2026-09-29,RS,IST,MAD,18.28333333333333,1,1,0.8204193254329992
2026,11,0,015103,0,0.0,MAD,30,"JONES, DAMIAN",08:39,4,2,4,0,0,0,0,0,0,0,0,0,0,0,0,4,0,-2,5.0,2026-09-29,RS,IST,MAD,8.65,0,0,-0.23121387283236994
2026,18,1,015168,1,0.0,PRS,1,"WARREN, TJ",18:14,14,4,5,2,4,0,0,0,3,3,0,2,0,1,0,2,0,15,-17.0,2026-09-29,RS,PRS,PAR,18.23333333333333,2,4,0.8226691042047534
2026,18,1,012640,1,0.0,PRS,2,"HIFI, NADIR",26:33,19,4,10,1,5,8,10,1,1,2,4,1,7,0,1,3,11,14,-5.0,2026-09-29,RS,PRS,PAR,26.55,1,5,0.527306967984934
2026,18,1,012515,1,0.0,PRS,3,"TARPEY, TERRY",13:33,0,0,0,0,0,0,0,0,2,2,3,2,0,0,0,0,1,8,-13.0,2026-09-29,RS,PRS,PAR,13.55,0,0,0.5904059040590406
2026,18,1,013373,0,1.0,PRS,4,"CAVALIERE, LEOPOLD",14:19,4,2,2,0,1,0,0,2,1,3,2,0,0,0,0,3,1,6,-3.0,2026-09-29,RS,PRS,PAR,14.316666666666666,0,1,0.4190919674039581
2026,18,1,006591,0,0.0,PRS,5,"NTILIKINA, FRANK",10:03,3,0,1,1,3,0,0,0,2,2,0,1,1,0,0,3,0,-1,-1.0,2026-09-29,RS,PRS,PAR,10.05,1,3,-0.09950248756218905
2026,18,1,012611,1,0.0,PRS,7,"HERRERA, SEBASTIAN",19:55,9,0,1,3,5,0,0,0,1,1,2,0,0,0,0,1,0,8,-17.0,2026-09-29,RS,PRS,PAR,19.916666666666668,3,5,0.401673640167364
2026,18,1,014178,0,1.0,PRS,8,"RHODEN, JARED",17:46,14,5,6,1,5,1,1,4,5,9,1,0,4,0,0,2,3,16,-1.0,2026-09-29,RS,PRS,PAR,17.766666666666666,1,5,0.9005628517823641
2026,18,1,015143,0,1.0,PRS,9,"ETIENNE, TYSON",17:43,7,2,3,1,2,0,0,0,2,2,2,1,4,0,0,2,2,6,-4.0,2026-09-29,RS,PRS,PAR,17.716666666666665,1,2,0.33866415804327377
2026,18,1,014010,0,0.0,PRS,13,"DOKOSSI, ALLAN",20:00,0,0,0,0,0,0,0,1,0,1,4,1,3,0,0,4,0,-1,-5.0,2026-09-29,RS,PRS,PAR,20.0,0,0,-0.05
2026,18,1,012403,1,1.0,PRS,15,"FAYE, MOUHAMED",19:35,3,1,2,0,0,1,2,1,2,3,1,0,1,3,1,1,2,7,-6.0,2026-09-29,RS,PRS,PAR,19.58333333333333,0,0,0.35744680851063837
2026,18,1,010431,0,1.0,PRS,20,"MORGAN, JEREMY",14:27,6,0,0,2,4,0,0,1,1,2,2,2,0,0,0,3,0,7,2.0,2026-09-29,RS,PRS,PAR,14.45,2,4,0.4844290657439447
2026,18,1,011949,0,0.0,PRS,34,"HOMMES, DAULTON",07:52,0,0,0,0,1,0,0,0,0,0,1,0,1,0,0,1,1,-1,5.0,2026-09-29,RS,PRS,PAR,7.866666666666667,0,1,-0.1271186440677966
2026,18,0,011924,0,1.0,PAR,0,"ALLMAN, KYLE",25:13,10,2,4,1,2,3,4,0,2,2,2,0,2,0,0,2,4,10,16.0,2026-09-29,RS,PRS,PAR,25.216666666666665,1,2,0.39656311962987445
2026,18,0,013369,1,1.0,PAR,1,"JONES, CARLIK",23:16,20,6,9,0,2,8,9,1,0,1,5,3,2,0,0,0,5,26,6.0,2026-09-29,RS,PRS,PAR,23.266666666666666,0,2,1.1174785100286533
2026,18,0,007947,0,0.0,PAR,3,"VILDOZA, LUCA",20:24,16,6,7,1,2,1,1,0,0,0,2,6,2,1,0,2,2,21,12.0,2026-09-29,RS,PRS,PAR,20.4,1,2,1.0294117647058825
2026,18,0,014742,1,0.0,PAR,5,"THOMPSON, ETHAN",09:43,3,0,3,1,2,0,0,1,1,2,1,0,0,0,1,2,0,-1,2.0,2026-09-29,RS,PRS,PAR,9.716666666666669,1,2,-0.10291595197255572
2026,18,0,007632,0,0.0,PAR,7,"NAKIC, MARIO",04:20,0,0,1,0,1,0,0,0,1,1,0,0,0,0,0,1,0,-2,-7.0,2026-09-29,RS,PRS,PAR,4.333333333333333,0,1,-0.46153846153846156
2026,18,0,005637,1,0.0,PAR,10,"TANASKOVIC, NIKOLA",19:07,9,3,4,0,0,3,4,1,1,2,1,1,0,0,1,1,3,12,3.0,2026-09-29,RS,PRS,PAR,19.116666666666667,0,0,0.6277244986922406
2026,18,0,014009,1,0.0,PAR,11,"STEVENS, LAMAR",18:36,8,1,1,2,3,0,0,0,3,3,2,0,3,1,0,1,1,10,8.0,2026-09-29,RS,PRS,PAR,18.6,2,3,0.5376344086021505
2026,18,0,010390,1,0.0,PAR,13,"HAYES, KEVARRIUS",14:44,2,0,3,0,0,2,4,2,2,4,1,1,1,0,2,3,2,-1,12.0,2026-09-29,RS,PRS,PAR,14.733333333333333,0,0,-0.06787330316742082
2026,18,0,007736,0,1.0,PAR,19,"LAKIC, ARIJAN",20:19,3,0,0,1,4,0,0,0,1,1,2,0,1,0,0,4,3,1,9.0,2026-09-29,RS,PRS,PAR,20.316666666666663,1,4,0.04922067268252667
2026,18,0,009733,0,1.0,PAR,23,"JEKIRI, TONYE",21:30,15,7,10,0,0,1,2,2,5,7,1,1,0,0,0,1,3,22,2.0,2026-09-29,RS,PRS,PAR,21.5,0,0,1.0232558139534884
2026,18,0,006739,0,1.0,PAR,66,"PAJOLA, ALESSANDRO",19:56,6,0,0,2,3,0,0,0,2,2,5,2,2,0,0,4,2,10,2.0,2026-09-29,RS,PRS,PAR,19.933333333333334,2,3,0.5016722408026756
2026,18,0,005793,0,0.0,PAR,95,"SY, BANDJA",02:52,0,0,0,0,0,0,0,0,0,0,0,0,0,0,0,0,0,0,0.0,2026-09-29,RS,PRS,PAR,2.8666666666666667,0,0,0.0
2026,16,1,014782,0,0.0,MIL,0,"BURNELL, JASON",16:53,6,3,8,0,1,0,0,5,5,10,2,1,0,1,0,2,0,12,6.0,2026-09-29,RS,MIL,VIR,16.883333333333333,0,1,0.7107601184600197
2026,16,1,013929,0,0.0,MIL,2,"COLE, RJ",15:53,11,3,4,1,5,2,2,0,2,2,3,0,2,0,1,3,3,8,5.0,2026-09-29,RS,MIL,VIR,15.883333333333333,1,5,0.503672612801679
2026,16,1,012878,1,1.0,MIL,5,"WRIGHT, MOSES",26:09,11,4,5,0,0,3,4,4,3,7,0,0,2,0,0,2,4,16,1.0,2026-09-29,RS,MIL,VIR,26.15,0,0,0.6118546845124283
2026,16,1,006509,0,0.0,MIL,7,"TONUT, STEFANO",DNP,0,0,0,0,0,0,0,0,0,0,0,0,0,0,0,0,0,0,0.0,2026-09-29,RS,MIL,VIR,,0,0,
2026,16,1,008985,0,1.0,MIL,10,"BOLMARO, LEANDRO",20:15,5,1,3,1,4,0,2,1,3,4,1,1,2,1,2,1,2,2,7.0,2026-09-29,RS,MIL,VIR,20.25,1,4,0.09876543209876543
2026,16,1,011078,1,0.0,MIL,13,"THOMPSON, DARIUS",20:57,12,3,4,2,4,0,0,0,0,0,2,2,1,0,0,0,0,12,-4.0,2026-09-29,RS,MIL,VIR,20.95,2,4,0.5727923627684964
2026,16,1,001518,0,0.0,MIL,17,"RICCI, GIAMPAOLO",DNP,0,0,0,0,0,0,0,0,0,0,0,0,0,0,0,0,0,0,0.0,2026-09-29,RS,MIL,VIR,,0,0,
2026,16,1,011205,1,1.0,MIL,22,"HALL, DEVON",22:55,12,2,5,2,2,2,2,0,1,1,1,0,1,0,0,3,3,10,-4.0,2026-09-29,RS,MIL,VIR,22.916666666666668,2,2,0.43636363636363634
2026,16,1,004004,1,1.0,MIL,23,"GUDURIC, MARKO",26:34,14,4,5,2,7,0,0,3,1,4,2,1,0,0,1,3,2,13,-3.0,2026-09-29,RS,MIL,VIR,26.566666666666663,2,7,0.4893350062735258
2026,16,1,014783,0,0.0,MIL,24,"MATHEWS, GARRISON",13:26,6,0,0,2,4,0,0,0,0,0,0,0,1,0,0,2,2,3,5.0,2026-09-29,RS,MIL,VIR,13.433333333333334,2,4,0.22332506203473945
2026,16,1,008829,1,1.0,MIL,25,"PETERS, ALEC",23:07,7,2,7,0,3,3,3,1,4,5,0,0,1,0,0,2,3,4,-4.0,2026-09-29,RS,MIL,VIR,23.116666666666667,0,3,0.17303532804614274
2026,16,1,007056,0,0.0,MIL,31,"BOOKER, DEVIN",13:51,3,1,3,0,0,1,2,0,6,6,1,1,1,0,0,2,2,7,1.0,2026-09-29,RS,MIL,VIR,13.85,0,0,0.5054151624548736
2026,16,0,014802,0,0.0,VIR,0,"BELLO, RASHEED",09:22,8,0,1,2,4,2,2,0,1,1,0,0,1,0,0,2,2,5,0.0,2026-09-29,RS,MIL,VIR,9.366666666666667,2,4,0.5338078291814946
2026,16,0,015029,1,0.0,VIR,1,"FRAZIER, TRENT",24:08,7,1,2,1,4,2,2,1,4,5,5,2,0,0,0,3,3,15,2.0,2026-09-29,RS,MIL,VIR,24.133333333333333,1,4,0.6215469613259669
2026,16,0,012707,1,0.0,VIR,2,"CARR, MARCUS",22:55,10,3,9,1,3,1,2,0,2,2,9,1,1,0,2,1,2,11,7.0,2026-09-29,RS,MIL,VIR,22.916666666666668,1,3,0.48
2026,16,0,014737,1,0.0,VIR,8,"MOORE, WENDELL",23:05,12,4,6,0,1,4,5,1,2,3,0,1,2,0,0,4,4,10,5.0,2026-09-29,RS,MIL,VIR,23.08333333333333,0,1,0.4332129963898918
2026,16,0,014416,1,1.0,VIR,9,"EDWARDS, KESSLER",25:54,6,0,0,2,3,0,0,0,6,6,1,1,1,0,0,1,2,13,2.0,2026-09-29,RS,MIL,VIR,25.9,2,3,0.5019305019305019
2026,16,0,006707,0,0.0,VIR,11,"BALDASSO, TOMMASO",12:58,6,3,3,0,1,0,0,0,2,2,3,0,1,0,0,1,0,8,-2.0,2026-09-29,RS,MIL,VIR,12.966666666666669,0,1,0.6169665809768636
2026,16,0,014005,1,1.0,VIR,21,"ALSTON JR., DERRICK",19:40,10,2,5,1,6,3,3,0,0,0,0,1,0,0,0,1,3,5,-6.0,2026-09-29,RS,MIL,VIR,19.666666666666668,1,6,0.2542372881355932
2026,16,0,001844,0,1.0,VIR,23,"HACKETT, DANIEL",08:30,0,0,1,0,0,0,0,1,0,1,1,0,1,0,0,3,0,-3,-7.0,2026-09-29,RS,MIL,VIR,8.5,0,0,-0.35294117647058826
2026,16,0,014219,0,0.0,VIR,24,"FERRARI, FRANCESCO",00:21,0,0,0,0,0,0,0,0,0,0,0,0,0,0,0,0,0,0,-2.0,2026-09-29,RS,MIL,VIR,0.35,0,0,0.0
2026,16,0,014108,0,1.0,VIR,31,"DIARRA, ALIOU",23:11,15,6,9,0,0,3,4,2,5,7,0,1,1,4,0,3,3,22,-2.0,2026-09-29,RS,MIL,VIR,23.183333333333334,0,0,0.9489575844716032
2026,16,0,014738,0,1.0,VIR,34,"KLINTMAN, BO",19:22,7,2,3,1,2,0,0,3,2,5,1,1,1,0,0,2,0,9,-4.0,2026-09-29,RS,MIL,VIR,19.366666666666667,1,2,0.46471600688468157
2026,16,0,013374,0,0.0,VIR,35,"DIOUF, MOUHAMET",10:34,4,2,3,0,0,0,0,0,0,0,0,0,0,0,0,2,0,1,-3.0,2026-09-29,RS,MIL,VIR,10.566666666666666,0,0,0.09463722397476342
2026,12,1,011157,1,0.0,RED,0,"MOTLEY, JOHNATHAN",16:05,2,1,3,0,0,0,0,3,3,6,1,0,4,0,1,3,2,1,0.0,2026-09-29,RS,RED,HTA,16.083333333333332,0,0,0.062176165803108814
2026,12,1,010568,1,0.0,RED,1,"JONES, CHRIS",17:34,6,2,3,0,3,2,2,0,1,1,4,0,2,0,0,2,3,6,-13.0,2026-09-29,RS,RED,HTA,17.566666666666666,0,3,0.3415559772296015
2026,12,1,014094,0,0.0,RED,2,"MILJENOVIC, STEFAN",05:27,3,0,1,1,1,0,0,0,0,0,0,0,1,0,1,2,1,-1,4.0,2026-09-29,RS,RED,HTA,5.45,1,1,-0.18348623853211007
2026,12,1,010391,0,1.0,RED,3,"WEILER-BABB, NICK",16:59,2,1,2,0,2,0,0,1,5,6,6,0,1,0,0,3,0,7,8.0,2026-09-29,RS,RED,HTA,16.983333333333334,0,2,0.41216879293424924
2026,12,1,014163,0,1.0,RED,6,"BUTLER, JARED",18:46,19,3,5,4,7,1,1,1,1,2,2,0,0,1,1,3,2,17,9.0,2026-09-29,RS,RED,HTA,18.766666666666666,4,7,0.9058614564831261
2026,12,1,011305,1,0.0,RED,11,"CARTER, TYSON",19:07,12,3,5,2,4,0,0,0,2,2,3,0,0,0,1,0,0,12,-7.0,2026-09-29,RS,RED,HTA,19.116666666666667,2,4,0.6277244986922406
2026,12,1,004007,0,0.0,RED,13,"DOBRIC, OGNJEN",10:36,5,1,2,1,2,0,0,0,0,0,0,0,1,0,0,2,1,1,2.0,2026-09-29,RS,RED,HTA,10.6,1,2,0.09433962264150944
2026,12,1,014029,0,0.0,RED,15,"IZUNDU, EBUKA",16:54,5,2,7,0,0,1,2,5,4,9,0,0,0,0,0,3,1,6,-7.0,2026-09-29,RS,RED,HTA,16.9,0,0,0.3550295857988166
2026,12,1,013363,1,1.0,RED,33,"NWORA, JORDAN",23:39,13,3,7,0,3,7,9,0,5,5,1,1,1,0,0,2,6,14,-2.0,2026-09-29,RS,RED,HTA,23.65,0,3,0.5919661733615222
2026,12,1,011982,1,1.0,RED,37,"OJELEYE, SEMI",27:15,4,1,2,0,2,2,2,3,5,8,3,1,1,1,1,3,3,12,-3.0,2026-09-29,RS,RED,HTA,27.25,0,2,0.44036697247706424
2026,12,1,006482,0,0.0,RED,44,"KRAMER, DAVID",09:21,0,0,1,0,1,0,0,0,1,1,0,0,1,0,0,2,0,-4,-8.0,2026-09-29,RS,RED,HTA,9.35,0,1,-0.42780748663101603
2026,12,1,012201,0,1.0,RED,95,"MONEKE, CHIMA",18:17,9,3,3,0,3,3,4,2,5,7,1,0,0,0,0,4,3,12,12.0,2026-09-29,RS,RED,HTA,18.28333333333333,0,3,0.6563354603463993
2026,12,0,015152,0,0.0,HTA,1,"GERMAN, EUGENE",03:07,2,1,1,0,0,0,0,0,1,1,0,0,0,0,0,0,0,3,-1.0,2026-09-29,RS,RED,HTA,3.1166666666666667,0,0,0.9625668449197861
2026,12,0,013402,0,1.0,HTA,2,"BLAKENEY, ANTONIO",25:26,12,2,5,1,6,5,6,0,2,2,1,1,0,0,0,2,3,8,5.0,2026-09-29,RS,RED,HTA,25.433333333333334,1,6,0.3145478374836173
2026,12,0,009846,1,1.0,HTA,3,"BRYANT, ELIJAH",36:37,18,3,8,1,3,9,9,1,9,10,4,4,2,0,0,3,7,31,1.0,2026-09-29,RS,RED,HTA,36.61666666666667,1,3,0.8466090122894856
2026,12,0,008912,0,0.0,HTA,5,"CARRINGTON, KHADEEN",01:03,0,0,0,0,0,0,0,0,0,0,0,0,0,0,0,1,0,-1,5.0,2026-09-29,RS,RED,HTA,1.05,0,0,-0.9523809523809523
2026,12,0,004846,0,0.0,HTA,10,"TIMOR, BAR",DNP,0,0,0,0,0,0,0,0,0,0,0,0,0,0,0,0,0,0,0.0,2026-09-29,RS,RED,HTA,,0,0,
2026,12,0,013284,0,1.0,HTA,12,"WAINRIGHT, ISH",17:19,5,0,1,1,3,2,2,2,0,2,0,1,0,1,0,2,2,6,-7.0,2026-09-29,RS,RED,HTA,17.316666666666666,1,3,0.34648700673724736
2026,12,0,002939,1,1.0,HTA,13,"SATORANSKY, TOMAS",22:19,8,2,4,1,1,1,2,1,2,3,3,0,0,0,0,4,1,8,-5.0,2026-09-29,RS,RED,HTA,22.316666666666663,1,1,0.3584764749813294
2026,12,0,008987,1,0.0,HTA,16,"LEDAY, ZACH",21:54,12,2,4,2,3,2,2,1,3,4,0,0,2,0,0,3,5,13,13.0,2026-09-29,RS,RED,HTA,21.9,2,3,0.5936073059360731
2026,12,0,011823,0,0.0,HTA,21,"ODIASE, TAI",20:47,8,3,5,0,0,2,2,1,0,1,0,0,1,1,1,1,3,8,8.0,2026-09-29,RS,RED,HTA,20.78333333333333,0,0,0.3849238171611869
2026,12,0,002580,1,0.0,HTA,22,"MICIC, VASILIJE",32:15,11,1,3,3,14,0,2,0,6,6,4,0,1,0,1,3,4,5,-7.0,2026-09-29,RS,RED,HTA,32.25,3,14,0.15503875968992248
2026,12,0,012788,1,1.0,HTA,25,"OTURU, DAN",19:13,5,2,5,0,0,1,5,3,3,6,0,1,0,3,0,3,4,9,-7.0,2026-09-29,RS,RED,HTA,19.216666666666665,0,0,0.46834345186470083
2026,12,0,012096,0,0.0,HTA,51,"CABOCLO, BRUNO",DNP,0,0,0,0,0,0,0,0,0,0,0,0,0,0,0,0,0,0,0.0,2026-09-29,RS,RED,HTA,,0,0,
2026,14,1,012720,0,1.0,ZAL,0,"BROWN, STERLING",23:05,20,4,5,4,6,0,0,0,0,0,0,1,3,1,0,1,0,15,-10.0,2026-09-29,RS,ZAL,OLY,23.08333333333333,4,6,0.6498194945848377
2026,14,1,011987,1,1.0,ZAL,3,"EDWARDS, CARSEN",27:09,16,4,10,2,3,2,2,0,1,1,4,1,2,0,0,1,7,19,-3.0,2026-09-29,RS,ZAL,OLY,27.15,2,3,0.6998158379373849
2026,14,1,007513,1,0.0,ZAL,9,"GIEDRAITIS, DOVYDAS",18:10,0,0,0,0,1,0,0,0,1,1,2,0,2,0,0,2,0,-2,-11.0,2026-09-29,RS,ZAL,OLY,18.166666666666668,0,1,-0.11009174311926605
2026,14,1,008192,1,1.0,ZAL,10,"TUBELIS, AZUOLAS",27:05,19,9,13,0,1,1,2,3,4,7,3,1,1,0,0,3,2,22,3.0,2026-09-29,RS,ZAL,OLY,27.08333333333333,0,1,0.8123076923076924
2026,14,1,007032,0,0.0,ZAL,12,"LO, MAODO",14:13,0,0,1,0,3,0,0,1,2,3,1,0,2,0,0,2,0,-4,1.0,2026-09-29,RS,ZAL,OLY,14.216666666666669,0,3,-0.28135990621336454
2026,14,1,011927,0,0.0,ZAL,14,"SLEVA, DUSTIN",06:06,0,0,0,0,0,0,0,1,0,1,1,0,0,0,0,1,0,1,-5.0,2026-09-29,RS,ZAL,OLY,6.1,0,0,0.1639344262295082
2026,14,1,000898,1,1.0,ZAL,17,"VALANCIUNAS, JONAS",23:48,11,3,6,1,1,2,2,2,4,6,7,1,3,1,0,3,4,21,13.0,2026-09-29,RS,ZAL,OLY,23.8,1,1,0.8823529411764706
2026,14,1,008186,0,0.0,ZAL,22,"BLAZEVIC, MAREK",15:49,4,2,5,0,0,0,0,3,2,5,0,1,1,0,1,2,0,3,-15.0,2026-09-29,RS,ZAL,OLY,15.816666666666666,0,0,0.18967334035827188
2026,14,1,002328,0,1.0,ZAL,40,"GRIGONIS, MARIUS",18:43,9,0,0,3,7,0,0,2,3,5,2,2,0,0,0,2,0,12,11.0,2026-09-29,RS,ZAL,OLY,18.716666666666665,3,7,0.641139804096171
2026,14,1,002676,1,0.0,ZAL,51,"BUTKEVICIUS, ARNAS",12:27,7,2,2,1,2,0,0,0,1,1,1,1,0,0,0,3,1,7,2.0,2026-09-29,RS,ZAL,OLY,12.45,1,2,0.5622489959839357
2026,14,1,007029,0,0.0,ZAL,91,"SIRVYDIS, DEIVIDAS",03:51,5,1,2,1,1,0,0,0,0,0,0,0,2,0,1,0,0,1,-3.0,2026-09-29,RS,ZAL,OLY,3.85,1,1,0.2597402597402597
2026,14,1,002329,0,0.0,ZAL,92,"ULANOVAS, EDGARAS",09:34,0,0,0,0,1,0,0,0,1,1,4,1,0,0,0,2,1,4,7.0,2026-09-29,RS,ZAL,OLY,9.566666666666666,0,1,0.4181184668989547
2026,14,0,009048,1,0.0,OLY,0,"MILLER-MCINTYRE, CODI",12:42,4,2,2,0,2,0,0,0,1,1,6,0,2,0,0,2,0,5,-7.0,2026-09-29,RS,ZAL,OLY,12.7,0,2,0.3937007874015748
2026,14,0,012610,1,1.0,OLY,3,"WARD, TYSON",31:32,10,1,2,2,3,2,2,1,4,5,1,1,1,0,0,4,3,13,-3.0,2026-09-29,RS,ZAL,OLY,31.53333333333333,2,3,0.41226215644820297
2026,14,0,010042,0,1.0,OLY,8,"MONTERO, JEAN",27:20,15,5,8,0,3,5,5,2,1,3,7,1,2,0,1,0,4,21,9.0,2026-09-29,RS,ZAL,OLY,27.33333333333333,0,3,0.7682926829268294
2026,14,0,010091,0,0.0,OLY,9,"PLOTAS, NIKOLAOS",DNP,0,0,0,0,0,0,0,0,0,0,0,0,0,0,0,0,0,0,0.0,2026-09-29,RS,ZAL,OLY,,0,0,
2026,14,0,003469,1,1.0,OLY,14,"VEZENKOV, SASHA",24:39,18,8,10,0,0,2,3,3,5,8,1,1,1,0,0,0,2,26,1.0,2026-09-29,RS,ZAL,OLY,24.65,0,0,1.054766734279919
2026,14,0,001255,0,0.0,OLY,16,"PAPANIKOLAOU, KOSTAS",08:28,2,1,1,0,0,0,0,1,1,2,2,1,2,0,0,0,0,5,5.0,2026-09-29,RS,ZAL,OLY,8.466666666666667,0,0,0.5905511811023622
2026,14,0,009849,1,0.0,OLY,22,"DORSEY, TYLER",19:53,10,3,4,1,7,1,2,1,1,2,1,2,2,0,0,0,3,8,-2.0,2026-09-29,RS,ZAL,OLY,19.883333333333333,1,7,0.4023470243084661
2026,14,0,012731,0,0.0,OLY,24,"NDIAYE, MBAYE",18:36,9,3,3,0,0,3,4,0,0,0,0,2,1,0,0,1,3,11,0.0,2026-09-29,RS,ZAL,OLY,18.6,0,0,0.5913978494623655
2026,14,0,003048,0,0.0,OLY,42,"DUNSTON, BRYANT",DNP,0,0,0,0,0,0,0,0,0,0,0,0,0,0,0,0,0,0,0.0,2026-09-29,RS,ZAL,OLY,,0,0,
2026,14,0,011196,0,1.0,OLY,45,"HALL, DONTA",20:45,1,0,2,0,0,1,2,2,1,3,3,1,0,2,1,3,2,5,5.0,2026-09-29,RS,ZAL,OLY,20.75,0,0,0.24096385542168675
2026,14,0,011981,1,0.0,OLY,88,"JONES, TYRIQUE",15:56,5,1,3,0,0,3,4,0,0,0,1,0,1,0,0,3,2,1,-2.0,2026-09-29,RS,ZAL,OLY,15.933333333333334,0,0,0.06276150627615062
2026,14,0,013380,0,1.0,OLY,94,"FOURNIER, EVAN",20:09,19,4,7,2,5,5,6,0,1,1,0,1,2,0,0,2,3,13,4.0,2026-09-29,RS,ZAL,OLY,20.15,2,5,0.6451612903225807
2026,17,1,013506,0,1.0,ULK,1,"BINGHAM, MARCUS",15:42,12,3,3,2,4,0,1,0,3,3,0,2,1,1,0,2,3,15,14.0,2026-09-29,RS,ULK,MUN,15.7,2,4,0.9554140127388535
2026,17,1,009863,0,0.0,ULK,2,"BALDWIN IV, WADE",17:14,13,2,3,3,4,0,0,1,3,4,8,2,2,0,0,2,1,22,25.0,2026-09-29,RS,ULK,MUN,17.233333333333334,3,4,1.276595744680851
2026,17,1,002849,0,0.0,ULK,4,"MELLI, NICOLO",18:34,11,1,1,3,4,0,0,0,3,3,1,0,0,0,0,1,1,14,4.0,2026-09-29,RS,ULK,MUN,18.566666666666663,3,4,0.7540394973070019
2026,17,1,002968,1,1.0,ULK,5,"SANLI, SERTAC",13:54,10,2,3,2,4,0,0,0,1,1,1,0,0,0,1,2,0,6,17.0,2026-09-29,RS,ULK,MUN,13.9,2,4,0.4316546762589928
2026,17,1,014124,1,0.0,ULK,8,"HORTON TUCKER, TALEN",19:27,19,5,9,2,5,3,3,2,3,5,4,0,0,1,0,0,3,25,16.0,2026-09-29,RS,ULK,MUN,19.45,2,5,1.2853470437017995
2026,17,1,014733,0,1.0,ULK,9,"JUZANG, JOHNNY",13:16,8,3,3,0,2,2,2,0,1,1,0,0,1,0,0,2,2,6,-5.0,2026-09-29,RS,ULK,MUN,13.266666666666667,0,2,0.4522613065326633
2026,17,1,013367,1,0.0,ULK,11,"FORREST, TRENT",18:48,4,0,1,1,1,1,2,1,1,2,3,0,0,0,0,0,1,8,-3.0,2026-09-29,RS,ULK,MUN,18.8,1,1,0.425531914893617
2026,17,1,014168,1,0.0,ULK,12,"KEY, BRAXTON",21:15,2,1,3,0,0,0,0,4,1,5,1,0,2,0,1,3,0,0,14.0,2026-09-29,RS,ULK,MUN,21.25,0,0,0.0
2026,17,1,004888,0,0.0,ULK,21,"CLYBURN, WILL",18:09,7,1,2,1,4,2,2,0,1,1,2,1,1,0,0,2,3,7,3.0,2026-09-29,RS,ULK,MUN,18.15,1,4,0.3856749311294766
2026,17,1,014220,0,0.0,ULK,30,"SILVA, CHRIS",08:39,2,1,3,0,0,0,0,0,0,0,0,0,2,1,0,3,1,-3,-2.0,2026-09-29,RS,ULK,MUN,8.65,0,0,-0.3468208092485549
2026,17,1,007831,1,1.0,ULK,31,"SHIELDS, SHAVON",17:43,3,1,2,0,1,1,1,0,3,3,0,1,1,0,1,1,1,3,13.0,2026-09-29,RS,ULK,MUN,17.716666666666665,0,1,0.16933207902163688
2026,17,1,006896,0,1.0,ULK,43,"SARGIUNAS, IGNAS",17:19,9,3,4,1,1,0,0,1,1,2,5,1,1,0,0,1,0,14,24.0,2026-09-29,RS,ULK,MUN,17.316666666666666,1,1,0.8084696823869105
2026,17,0,014134,1,0.0,MUN,0,"NORRIS, MILES",12:56,3,0,1,1,3,0,0,0,1,1,1,0,0,0,0,0,0,2,-8.0,2026-09-29,RS,ULK,MUN,12.933333333333334,1,3,0.15463917525773196
2026,17,0,011244,0,0.0,MUN,1,"DA SILVA, OSCAR",16:53,4,2,2,0,3,0,0,0,2,2,1,0,0,1,0,2,1,4,-5.0,2026-09-29,RS,ULK,MUN,16.883333333333333,0,3,0.23692003948667326
2026,17,0,014732,1,1.0,MUN,3,"BEAUCHAMP, MARJON",20:58,7,3,4,0,3,1,1,0,2,2,3,1,1,0,0,1,2,9,-16.0,2026-09-29,RS,ULK,MUN,20.966666666666665,0,3,0.4292527821939587
2026,17,0,013370,0,0.0,MUN,4,"WASHINGTON, DUANE",17:46,20,5,6,3,6,1,2,0,0,0,2,2,2,0,1,2,2,16,-5.0,2026-09-29,RS,ULK,MUN,17.766666666666666,3,6,0.9005628517823641
2026,17,0,007201,0,0.0,MUN,7,"VOIGTMANN, JOHANNES",15:28,1,0,0,0,0,1,2,1,4,5,2,0,0,0,0,0,1,8,8.0,2026-09-29,RS,ULK,MUN,15.466666666666669,0,0,0.5172413793103448
2026,17,0,013290,0,0.0,MUN,10,"JESSUP, JUSTINIAN",11:43,4,1,2,0,2,2,2,2,0,2,2,0,3,0,0,2,1,1,2.0,2026-09-29,RS,ULK,MUN,11.716666666666669,0,2,0.08534850640113796
2026,17,0,001288,0,0.0,MUN,11,"LUCIC, VLADIMIR",18:36,2,1,1,0,1,0,0,1,1,2,0,0,1,0,0,1,1,2,-9.0,2026-09-29,RS,ULK,MUN,18.6,0,1,0.1075268817204301
2026,17,0,004508,1,1.0,MUN,13,"OBST, ANDREAS",21:38,8,0,0,2,3,2,2,0,0,0,0,0,1,0,1,2,2,5,-19.0,2026-09-29,RS,ULK,MUN,21.633333333333333,2,3,0.23112480739599384
2026,17,0,009513,1,0.0,MUN,21,"HOLLATZ, JUSTUS",11:28,2,1,1,0,0,0,0,1,1,2,0,0,2,0,0,3,1,0,-9.0,2026-09-29,RS,ULK,MUN,11.466666666666669,0,0,0.0
2026,17,0,007519,0,1.0,MUN,31,"JOKUBAITIS, ROKAS",19:04,12,2,3,1,4,5,7,0,1,1,3,0,0,0,1,1,5,13,-18.0,2026-09-29,RS,ULK,MUN,19.066666666666663,1,4,0.681818181818182
2026,17,0,003958,0,1.0,MUN,32,"THIEMANN, JOHANNES",16:54,5,2,4,0,2,1,1,2,3,5,1,0,0,0,0,0,3,10,-18.0,2026-09-29,RS,ULK,MUN,16.9,0,2,0.591715976331361
2026,17,0,013278,1,1.0,MUN,50,"WILEY, AUSTIN",16:36,8,4,6,0,0,0,0,0,5,5,0,0,4,2,0,2,0,7,-23.0,2026-09-29,RS,ULK,MUN,16.6,0,0,0.4216867469879518
2026,13,1,011212,1,1.0,DUB,0,"OKOBO, ELIE",27:42,9,1,3,0,2,7,8,0,2,2,6,0,1,0,0,2,4,13,9.0,2026-09-29,RS,DUB,BAR,27.7,0,2,0.4693140794223827
2026,13,1,011286,1,1.0,DUB,3,"BACON, DWAYNE",26:14,14,1,3,1,6,9,9,0,7,7,1,1,3,0,0,1,7,19,7.0,2026-09-29,RS,DUB,BAR,26.23333333333333,1,6,0.7242693773824651
2026,13,1,011231,1,1.0,DUB,4,"BLOSSOMGAME, JARON",22:43,10,5,6,0,1,0,2,1,1,2,0,1,1,1,0,1,1,9,4.0,2026-09-29,RS,DUB,BAR,22.716666666666665,0,1,0.39618488628026416
2026,13,1,014731,0,0.0,DUB,6,"MINTZ, DAVION",12:12,3,1,2,0,1,1,1,1,0,1,2,0,1,0,0,1,2,4,-2.0,2026-09-29,RS,DUB,BAR,12.2,0,1,0.3278688524590164
2026,13,1,003458,0,0.0,DUB,8,"BERTANS, DAVIS",13:46,3,0,0,1,3,0,0,0,2,2,0,0,0,0,0,1,1,3,0.0,2026-09-29,RS,DUB,BAR,13.766666666666667,1,3,0.2179176755447942
2026,13,1,014031,0,0.0,DUB,11,"KONDIC, KOSTA",DNP,0,0,0,0,0,0,0,0,0,0,0,0,0,0,0,0,0,0,0.0,2026-09-29,RS,DUB,BAR,,0,0,
2026,13,1,012796,1,1.0,DUB,17,"KABENGELE, MFIONDU",24:41,21,5,8,3,3,2,2,3,3,6,0,0,1,1,0,1,1,24,-4.0,2026-09-29,RS,DUB,BAR,24.683333333333334,3,3,0.9723160027008778
2026,13,1,014027,0,0.0,DUB,21,"DIAKITE, MAMADI",15:25,7,1,1,1,2,2,2,0,0,0,2,1,2,2,1,2,1,7,11.0,2026-09-29,RS,DUB,BAR,15.416666666666666,1,2,0.4540540540540541
2026,13,1,001133,0,0.0,DUB,23,"SHENGELIA, TORNIKE",10:38,4,2,3,0,0,0,0,0,2,2,1,0,2,0,0,2,1,3,-3.0,2026-09-29,RS,DUB,BAR,10.633333333333333,0,0,0.2821316614420063
2026,13,1,012606,1,1.0,DUB,25,"WRIGHT IV, MCKINLEY",27:29,14,3,3,2,3,2,2,1,1,2,3,0,2,0,0,2,2,16,3.0,2026-09-29,RS,DUB,BAR,27.48333333333333,2,3,0.582171012734991
2026,13,1,011194,0,0.0,DUB,30,"PETRUSEV, FILIP",06:39,4,1,2,0,0,2,2,0,2,2,0,0,0,0,0,0,1,6,6.0,2026-09-29,RS,DUB,BAR,6.65,0,0,0.9022556390977443
2026,13,1,008855,0,0.0,DUB,44,"WALKUP, THOMAS",12:31,5,1,1,1,3,0,0,0,3,3,4,0,0,0,0,1,1,10,4.0,2026-09-29,RS,DUB,BAR,12.516666666666667,1,3,0.7989347536617842
2026,13,0,009862,1,0.0,BAR,0,"PUNTER, KEVIN",25:41,25,8,10,3,6,0,0,3,2,5,2,1,0,0,0,3,3,28,-1.0,2026-09-29,RS,DUB,BAR,25.683333333333334,3,6,1.09020116807268
2026,13,0,013855,0,1.0,BAR,1,"GIBSON, UMOJA",25:20,12,3,4,2,6,0,0,1,1,2,2,3,2,0,0,2,2,12,-5.0,2026-09-29,RS,DUB,BAR,25.33333333333333,2,6,0.4736842105263159
2026,13,0,015138,0,1.0,BAR,2,"MARTIN, TYRESE",25:24,9,3,5,1,7,0,0,1,4,5,0,0,0,0,1,1,0,4,-3.0,2026-09-29,RS,DUB,BAR,25.4,1,7,0.15748031496062992
2026,13,0,015139,0,0.0,BAR,3,"UMUDE, STANLEY",12:59,8,2,4,1,2,1,2,2,1,3,1,2,0,1,0,1,2,12,-5.0,2026-09-29,RS,DUB,BAR,12.983333333333333,1,2,0.9242618741976895
2026,13,0,014008,1,0.0,BAR,5,"ROBINSON, JUSTIN",14:40,7,0,2,2,5,1,2,0,1,1,5,0,0,0,1,4,3,5,-2.0,2026-09-29,RS,DUB,BAR,14.666666666666666,2,5,0.34090909090909094
2026,13,0,009992,0,0.0,BAR,8,"BRIZUELA, DARIO",17:34,0,0,1,0,3,0,0,0,1,1,1,0,2,0,0,4,0,-8,-2.0,2026-09-29,RS,DUB,BAR,17.566666666666666,0,3,-0.4554079696394687
2026,13,0,010062,0,0.0,BAR,10,"UBAL, AGUSTIN",DNP,0,0,0,0,0,0,0,0,0,0,0,0,0,0,0,0,0,0,0.0,2026-09-29,RS,DUB,BAR,,0,0,
2026,13,0,015140,0,1.0,BAR,13,"NKAMHOUA, OLIVIER",19:54,8,4,4,0,3,0,0,1,0,1,1,0,0,0,0,3,0,4,8.0,2026-09-29,RS,DUB,BAR,19.9,0,3,0.20100502512562815
2026,13,0,010106,0,0.0,BAR,17,"NUNEZ, JUAN",DNP,0,0,0,0,0,0,0,0,0,0,0,0,0,0,0,0,0,0,0.0,2026-09-29,RS,DUB,BAR,,0,0,
2026,13,0,007553,1,0.0,BAR,22,"BALCEROWSKI, OLEK",20:06,10,3,5,0,0,4,4,2,1,3,2,1,0,0,0,1,2,15,-15.0,2026-09-29,RS,DUB,BAR,20.1,0,0,0.7462686567164178
2026,13,0,015142,1,1.0,BAR,24,"MINAYA, JUSTIN",11:21,0,0,0,0,0,0,0,0,0,0,0,1,0,0,0,2,0,-1,-8.0,2026-09-29,RS,DUB,BAR,11.35,0,0,-0.0881057268722467
2026,13,0,007464,1,1.0,BAR,44,"PARRA, JOEL",27:01,8,1,4,2,4,0,0,1,2,3,1,1,0,0,2,1,2,7,-2.0,2026-09-29,RS,DUB,BAR,27.016666666666666,2,4,0.2590993214065392
2026,20,1,011209,1,1.0,PAN,0,"KALAITZAKIS, PANAGIOTIS",17:30,7,0,2,2,2,1,2,1,2,3,5,1,1,0,0,4,2,10,16.0,2026-09-30,RS,PAN,ASV,17.5,2,2,0.5714285714285714
2026,20,1,007975,0,0.0,PAN,3,"FRANCISCO, SYLVAIN",19:36,19,4,5,3,5,2,3,0,2,2,3,0,0,1,0,1,5,25,8.0,2026-09-30,RS,PAN,ASV,19.6,3,5,1.2755102040816326
2026,20,1,006544,0,1.0,PAN,6,"MORAITIS, DIMITRIS",11:34,2,1,1,0,2,0,0,0,0,0,1,1,3,0,0,2,0,-3,-9.0,2026-09-30,RS,PAN,ASV,11.566666666666666,0,2,-0.25936599423631124
2026,20,1,007527,0,0.0,PAN,7,"BADIO, BRANCOU",18:32,5,1,3,1,3,0,0,2,0,2,3,1,1,0,0,3,0,3,8.0,2026-09-30,RS,PAN,ASV,18.53333333333333,1,3,0.16187050359712232
2026,20,1,011085,0,0.0,PAN,17,"ROGKAVOPOULOS, NIKOLAOS",19:16,12,4,4,1,1,1,1,2,1,3,3,1,3,1,0,1,2,18,8.0,2026-09-30,RS,PAN,ASV,19.266666666666666,1,1,0.9342560553633218
2026,20,1,011204,1,0.0,PAN,22,"GRANT, JERIAN",16:22,13,3,5,2,2,1,1,0,1,1,2,1,1,0,0,1,2,15,19.0,2026-09-30,RS,PAN,ASV,16.366666666666667,2,2,0.9164969450101833
2026,20,1,003842,0,0.0,PAN,26,"LESSORT, MATHIAS",20:57,12,3,6,0,0,6,10,3,5,8,3,0,0,2,0,3,7,22,8.0,2026-09-30,RS,PAN,ASV,20.95,0,0,1.0501193317422435
2026,20,1,010357,1,0.0,PAN,28,"YABUSELE, GUERSCHON",16:32,9,3,4,0,2,3,3,2,3,5,3,0,1,0,1,1,2,13,15.0,2026-09-30,RS,PAN,ASV,16.533333333333335,0,2,0.7862903225806451
2026,20,1,006760,0,1.0,PAN,32,"BONGA, ISAAC",18:09,2,1,2,0,1,0,0,1,2,3,0,1,1,0,0,0,0,3,13.0,2026-09-30,RS,PAN,ASV,18.15,0,1,0.1652892561983471
2026,20,1,007866,1,1.0,PAN,44,"MITOGLOU, KONSTANTINOS",19:03,5,2,3,0,1,1,2,0,1,1,1,1,2,0,0,2,2,3,15.0,2026-09-30,RS,PAN,ASV,19.05,0,1,0.15748031496062992
2026,20,1,008084,1,1.0,PAN,72,"MANTZOUKAS, ELEFTHERIOS",22:29,16,2,2,4,7,0,1,2,4,6,1,0,0,0,0,1,1,19,14.0,2026-09-30,RS,PAN,ASV,22.48333333333333,4,7,0.8450704225352114
2026,20,0,013269,0,1.0,ASV,0,"CALE, MYLES",19:34,6,3,5,0,2,0,1,3,2,5,1,1,1,0,1,1,1,6,-13.0,2026-09-30,RS,PAN,ASV,19.566666666666663,0,2,0.3066439522998297
2026,20,0,015161,1,1.0,ASV,1,"FODZO DADA, MARC-OWEN",25:11,7,1,5,1,3,2,4,2,2,4,2,1,5,0,0,4,2,-1,-21.0,2026-09-30,RS,PAN,ASV,25.183333333333334,1,3,-0.039708802117802776
2026,20,0,015163,1,0.0,ASV,8,"MILLS, PATTY",13:26,5,1,1,0,2,3,3,1,0,1,1,1,0,0,0,0,3,9,-16.0,2026-09-30,RS,PAN,ASV,13.433333333333334,0,2,0.6699751861042184
2026,20,0,012618,0,1.0,ASV,10,"MASSA, BODIAN",21:41,5,2,7,0,0,1,2,4,1,5,2,2,2,0,0,2,2,6,-4.0,2026-09-30,RS,PAN,ASV,21.683333333333334,0,0,0.2767102229054573
2026,20,0,013900,1,0.0,ASV,14,"GACH, BOTH",12:43,6,0,3,2,3,0,0,0,0,0,1,0,0,0,1,3,0,-1,-16.0,2026-09-30,RS,PAN,ASV,12.716666666666669,2,3,-0.07863695937090431
2026,20,0,009035,1,0.0,ASV,21,"BOLOMBOY, JOEL",15:54,2,1,3,0,0,0,0,2,3,5,1,0,1,1,1,0,1,6,-17.0,2026-09-30,RS,PAN,ASV,15.9,0,0,0.3773584905660377
2026,20,0,003526,0,1.0,ASV,23,"LIGHTY, DAVID",16:18,11,1,1,3,4,0,0,1,0,1,1,2,0,0,1,2,1,12,3.0,2026-09-30,RS,PAN,ASV,16.3,3,4,0.7361963190184049
2026,20,0,015164,0,0.0,ASV,25,"BESSON, HUGO",17:59,10,5,6,0,3,0,0,0,2,2,2,0,0,0,0,2,1,9,-4.0,2026-09-30,RS,PAN,ASV,17.983333333333334,0,3,0.5004633920296571
2026,20,0,006832,0,0.0,ASV,35,"PONS, YVES",08:13,2,1,1,0,1,0,0,0,0,0,0,0,0,0,0,5,0,-4,-8.0,2026-09-30,RS,PAN,ASV,8.216666666666667,0,1,-0.486815415821501
2026,20,0,015165,0,0.0,ASV,51,"WATERS, TREMONT",14:49,7,2,2,0,4,3,3,0,1,1,3,1,2,0,0,1,4,9,-2.0,2026-09-30,RS,PAN,ASV,14.816666666666666,0,4,0.6074240719910011
2026,20,0,011980,0,1.0,ASV,77,"SESTINA, NATHAN",22:39,14,1,1,3,7,3,6,1,1,2,3,1,1,0,0,1,2,13,-7.0,2026-09-30,RS,PAN,ASV,22.65,3,7,0.5739514348785872
2026,20,0,015166,1,0.0,ASV,99,"CROWDER, JAE",11:33,4,1,2,0,1,2,3,0,1,1,3,2,1,0,0,2,2,6,-10.0,2026-09-30,RS,PAN,ASV,11.55,0,1,0.5194805194805194
2026,19,1,010781,1,0.0,TEL,0,"LUNDBERG, IFFE",20:36,8,3,4,0,3,2,2,0,4,4,3,0,1,0,1,2,4,11,-1.0,2026-09-30,RS,TEL,BES,20.6,0,3,0.5339805825242718
2026,19,1,006835,1,0.0,TEL,1,"HOARD, JAYLEN",27:19,8,3,4,0,1,2,4,0,3,3,2,1,2,1,0,1,2,10,-17.0,2026-09-30,RS,TEL,BES,27.316666666666663,0,1,0.3660768761439903
2026,19,1,013699,1,1.0,TEL,2,"CLARK III, JIMMY",23:34,15,5,8,1,3,2,2,0,3,3,5,3,3,0,0,2,3,19,-6.0,2026-09-30,RS,TEL,BES,23.566666666666663,1,3,0.8062234794908063
2026,19,1,014015,0,0.0,TEL,5,"BACOT JR., ARMANDO",DNP,0,0,0,0,0,0,0,0,0,0,0,0,0,0,0,0,0,0,0.0,2026-09-30,RS,TEL,BES,,0,0,
2026,19,1,011219,0,0.0,TEL,9,"SORKIN, ROMAN",11:25,9,4,5,0,0,1,2,0,2,2,0,0,0,2,0,0,1,12,-13.0,2026-09-30,RS,TEL,BES,11.416666666666666,0,0,1.051094890510949
2026,19,1,014127,0,1.0,TEL,10,"BRISSETT, O'SHAE J",18:33,8,2,2,0,0,4,7,2,1,3,2,0,2,0,0,4,4,8,-10.0,2026-09-30,RS,TEL,BES,18.55,0,0,0.43126684636118595
2026,19,1,013381,0,0.0,TEL,11,"RAYMAN, WILLIAM",02:47,0,0,1,0,0,0,0,1,0,1,0,0,0,0,0,1,0,-1,-4.0,2026-09-30,RS,TEL,BES,2.783333333333333,0,0,-0.3592814371257485
2026,19,1,015085,0,1.0,TEL,17,"WALLACE, KEATON",15:49,9,2,4,1,5,2,2,1,0,1,0,0,1,0,0,1,1,3,-8.0,2026-09-30,RS,TEL,BES,15.816666666666666,1,5,0.18967334035827188
2026,19,1,014012,0,0.0,TEL,22,"LEAF, TJ",09:36,4,2,3,0,1,0,0,0,0,0,0,0,0,0,0,4,0,-2,-2.0,2026-09-30,RS,TEL,BES,9.6,0,1,-0.20833333333333334
2026,19,1,004132,1,1.0,TEL,23,"THEIS, DANIEL",20:23,9,0,2,1,1,6,6,1,1,2,1,2,1,0,0,2,5,14,3.0,2026-09-30,RS,TEL,BES,20.383333333333333,1,1,0.6868356500408831
2026,19,1,011052,0,0.0,TEL,26,"MADAR, YAM",20:49,6,1,3,0,0,4,4,0,1,1,6,0,1,0,1,3,4,10,-15.0,2026-09-30,RS,TEL,BES,20.816666666666663,0,0,0.48038430744595684
2026,19,1,009783,1,1.0,TEL,50,"COLSON, BONZIE",29:09,17,5,6,2,4,1,1,2,1,3,1,0,1,0,0,1,1,17,-7.0,2026-09-30,RS,TEL,BES,29.15,2,4,0.5831903945111493
2026,19,0,013285,1,0.0,BES,1,"DOTSON, DEVON",25:37,17,2,3,3,5,4,4,0,4,4,4,0,1,0,0,4,7,24,15.0,2026-09-30,RS,TEL,BES,25.616666666666667,3,5,0.936890045543266
2026,19,0,013250,0,0.0,BES,5,"DEJULIUS, DAVID",DNP,0,0,0,0,0,0,0,0,0,0,0,0,0,0,0,0,0,0,0.0,2026-09-30,RS,TEL,BES,,0,0,
2026,19,0,003783,0,1.0,BES,6,"UGURLU, BERK",14:59,2,1,1,0,1,0,0,0,0,0,1,0,3,0,0,0,0,-1,-3.0,2026-09-30,RS,TEL,BES,14.983333333333333,0,1,-0.06674082313681869
2026,19,0,009680,1,1.0,BES,9,"MORGAN, CONOR",22:19,13,4,4,1,4,2,2,0,3,3,3,0,2,1,0,2,2,15,8.0,2026-09-30,RS,TEL,BES,22.316666666666663,1,4,0.6721433905899926
2026,19,0,003091,0,0.0,BES,11,"BIRSEN, METECAN",08:20,0,0,0,0,1,0,0,1,2,3,1,0,0,0,0,1,0,2,10.0,2026-09-30,RS,TEL,BES,8.333333333333334,0,1,0.24
2026,19,0,006661,0,1.0,BES,12,"WILBEKIN, SCOTTIE",22:51,20,3,4,4,5,2,3,0,1,1,3,0,1,0,0,4,2,18,9.0,2026-09-30,RS,TEL,BES,22.85,4,5,0.787746170678337
2026,19,0,014207,0,0.0,BES,20,"OMORUYI, EUGENE",19:49,11,2,7,1,2,4,6,1,1,2,3,0,0,0,2,3,4,7,6.0,2026-09-30,RS,TEL,BES,19.816666666666663,1,2,0.3532380151387721
2026,19,0,009025,1,1.0,BES,21,"BROWN, ANTHONY",30:49,20,1,1,6,7,0,0,0,5,5,3,0,1,0,0,2,0,24,10.0,2026-09-30,RS,TEL,BES,30.816666666666663,6,7,0.7787993510005409
2026,19,0,014786,1,0.0,BES,24,"NOWELL, JAYLEN",14:52,6,2,5,0,2,2,2,0,1,1,4,1,1,1,0,3,1,5,11.0,2026-09-30,RS,TEL,BES,14.866666666666667,0,2,0.3363228699551569
2026,19,0,005763,0,0.0,BES,30,"KORKMAZ, FURKAN",10:54,11,1,1,2,3,3,4,0,1,1,0,0,0,0,0,1,2,11,6.0,2026-09-30,RS,TEL,BES,10.9,2,3,1.0091743119266054
2026,19,0,013383,0,0.0,BES,32,"GABRIEL, WENYEN",07:08,0,0,1,0,0,0,0,0,0,0,1,0,1,0,0,2,1,-2,-1.0,2026-09-30,RS,TEL,BES,7.133333333333334,0,0,-0.2803738317757009
2026,19,0,004554,1,1.0,BES,41,"ZIZIC, ANTE",22:22,9,4,5,0,0,1,3,2,2,4,2,0,1,0,1,3,2,9,9.0,2026-09-30,RS,TEL,BES,22.366666666666667,0,0,0.40238450074515647
2026,21,1,011157,0,0.0,RED,0,"MOTLEY, JOHNATHAN",06:53,0,0,0,0,0,0,0,0,1,1,0,0,0,1,0,0,1,3,4.0,2026-10-01,RS,RED,IST,6.883333333333333,0,0,0.43583535108958843
2026,21,1,010568,0,0.0,RED,1,"JONES, CHRIS",08:38,1,0,3,0,1,1,2,0,0,0,4,0,1,0,0,1,2,0,-3.0,2026-10-01,RS,RED,IST,8.633333333333333,0,1,0.0
2026,21,1,014094,0,0.0,RED,2,"MILJENOVIC, STEFAN",03:05,0,0,0,0,0,0,0,0,0,0,1,1,0,0,0,0,0,2,2.0,2026-10-01,RS,RED,IST,3.083333333333333,0,0,0.6486486486486487
2026,21,1,010391,1,0.0,RED,3,"WEILER-BABB, NICK",24:38,2,1,4,0,4,0,0,1,4,5,2,2,0,0,0,2,1,3,4.0,2026-10-01,RS,RED,IST,24.633333333333333,0,4,0.12178619756427606
2026,21,1,014163,0,0.0,RED,6,"BUTLER, JARED",09:25,3,1,2,0,4,1,1,0,2,2,1,0,0,1,1,3,0,-2,5.0,2026-10-01,RS,RED,IST,9.416666666666666,0,4,-0.21238938053097348
2026,21,1,011305,1,1.0,RED,11,"CARTER, TYSON",19:52,11,1,4,2,3,3,4,0,2,2,3,1,1,0,0,1,3,13,4.0,2026-10-01,RS,RED,IST,19.866666666666667,2,3,0.6543624161073825
2026,21,1,004007,1,0.0,RED,13,"DOBRIC, OGNJEN",21:25,10,3,6,1,6,1,2,2,5,7,1,4,0,0,0,2,3,14,4.0,2026-10-01,RS,RED,IST,21.416666666666668,1,6,0.6536964980544747
2026,21,1,014029,1,1.0,RED,15,"IZUNDU, EBUKA",18:04,2,1,4,0,0,0,0,1,3,4,1,1,3,0,0,3,0,-1,-5.0,2026-10-01,RS,RED,IST,18.066666666666663,0,0,-0.05535055350553507
2026,21,1,013363,0,1.0,RED,33,"NWORA, JORDAN",21:01,12,4,6,1,3,1,3,1,4,5,0,0,3,0,1,1,3,9,0.0,2026-10-01,RS,RED,IST,21.016666666666666,1,3,0.42823156225218084
2026,21,1,011982,1,0.0,RED,37,"OJELEYE, SEMI",23:28,9,2,3,0,1,5,7,1,3,4,2,0,1,1,0,4,5,12,2.0,2026-10-01,RS,RED,IST,23.466666666666665,0,1,0.5113636363636364
2026,21,1,006482,0,1.0,RED,44,"KRAMER, DAVID",19:50,9,2,2,1,2,2,2,0,4,4,1,0,2,0,0,3,0,8,0.0,2026-10-01,RS,RED,IST,19.83333333333333,1,2,0.40336134453781525
2026,21,1,012201,0,1.0,RED,95,"MONEKE, CHIMA",23:41,18,4,8,3,4,1,2,4,3,7,1,1,2,0,2,3,3,17,8.0,2026-10-01,RS,RED,IST,23.683333333333334,3,4,0.7178043631245602
2026,21,0,009754,0,1.0,IST,3,"LOYD, JORDAN",23:47,17,2,3,3,5,4,4,1,6,7,3,2,1,0,0,1,4,28,-3.0,2026-10-01,RS,RED,IST,23.78333333333333,3,5,1.1772950245269798
2026,21,0,005368,0,0.0,IST,4,"YUSTA, SANTI",08:56,0,0,0,0,0,0,0,0,0,0,0,0,2,0,0,1,0,-3,-1.0,2026-10-01,RS,RED,IST,8.933333333333334,0,0,-0.33582089552238803
2026,21,0,003112,1,1.0,IST,5,"SARIC, DARIO",24:19,13,5,7,0,1,3,5,1,9,10,1,1,3,0,1,4,6,18,-2.0,2026-10-01,RS,RED,IST,24.316666666666663,0,1,0.7402330363262509
2026,21,0,013943,0,0.0,IST,11,"RUSSELL, DARON",12:28,3,0,2,1,3,0,0,1,2,3,2,0,0,0,0,1,2,5,-6.0,2026-10-01,RS,RED,IST,12.466666666666669,1,3,0.4010695187165775
2026,21,0,012742,0,0.0,IST,15,"DOZIER, PJ",13:25,4,2,5,0,3,0,0,2,1,3,2,0,1,0,0,3,1,0,5.0,2026-10-01,RS,RED,IST,13.416666666666666,0,3,0.0
2026,21,0,012609,1,1.0,IST,17,"MALCOLM, COLLIN",23:51,5,2,2,0,2,1,2,0,3,3,4,1,0,1,0,2,1,10,-2.0,2026-10-01,RS,RED,IST,23.85,0,2,0.4192872117400419
2026,21,0,013667,1,1.0,IST,20,"FERNANDO, BRUNO",23:14,4,2,4,0,0,0,0,1,2,3,1,2,5,1,0,2,2,4,-3.0,2026-10-01,RS,RED,IST,23.23333333333333,0,0,0.17216642754662842
2026,21,0,012710,0,0.0,IST,24,"OSMANI, ERCAN",16:41,2,1,4,0,1,0,0,4,2,6,1,0,1,1,0,4,0,1,-10.0,2026-10-01,RS,RED,IST,16.683333333333334,0,1,0.05994005994005994
2026,21,0,008099,1,1.0,IST,32,"STRAZEL, MATTHEW",22:55,13,2,6,2,6,3,4,1,1,2,1,1,2,0,2,3,4,5,-3.0,2026-10-01,RS,RED,IST,22.916666666666668,2,6,0.21818181818181817
2026,21,0,006372,0,0.0,IST,33,"YILMAZ, ERKAN",DNP,0,0,0,0,0,0,0,0,0,0,0,0,0,0,0,0,0,0,0.0,2026-10-01,RS,RED,IST,,0,0,
2026,21,0,005985,1,0.0,IST,55,"JAMES, MIKE",22:30,11,4,9,0,4,3,3,0,1,1,3,0,2,0,0,2,2,4,2.0,2026-10-01,RS,RED,IST,22.5,0,4,0.17777777777777778
2026,21,0,014102,0,0.0,IST,88,"JONES, KAI",07:54,0,0,0,0,0,0,0,2,3,5,0,0,0,1,0,0,1,7,-2.0,2026-10-01,RS,RED,IST,7.9,0,0,0.8860759493670886
2026,24,1,015168,1,0.0,PRS,1,"WARREN, TJ",15:43,14,6,6,0,4,2,2,1,1,2,0,0,1,0,0,5,1,7,6.0,2026-10-01,RS,PRS,ZAL,15.716666666666669,0,4,0.4453870625662778
2026,24,1,012640,1,1.0,PRS,2,"HIFI, NADIR",30:51,21,6,14,1,6,6,8,0,3,3,2,0,2,0,1,0,8,16,11.0,2026-10-01,RS,PRS,ZAL,30.85,1,6,0.5186385737439222
2026,24,1,013373,0,1.0,PRS,4,"CAVALIERE, LEOPOLD",15:03,8,2,2,1,1,1,2,1,1,2,1,0,0,0,0,1,1,10,7.0,2026-10-01,RS,PRS,ZAL,15.05,1,1,0.6644518272425249
2026,24,1,012611,1,1.0,PRS,7,"HERRERA, SEBASTIAN",19:12,3,0,0,1,4,0,0,0,1,1,4,1,1,0,0,3,2,4,19.0,2026-10-01,RS,PRS,ZAL,19.2,1,4,0.20833333333333334
2026,24,1,014178,1,0.0,PRS,8,"RHODEN, JARED",24:19,9,3,8,0,2,3,4,3,1,4,4,1,0,2,1,2,2,11,6.0,2026-10-01,RS,PRS,ZAL,24.316666666666663,0,2,0.4523646333104867
2026,24,1,015143,0,0.0,PRS,9,"ETIENNE, TYSON",10:18,0,0,1,0,3,0,0,0,2,2,1,0,2,0,1,3,1,-6,-3.0,2026-10-01,RS,PRS,ZAL,10.3,0,3,-0.5825242718446602
2026,24,1,006904,0,0.0,PRS,11,"AYAYI, JOEL",11:49,4,2,2,0,0,0,0,1,1,2,1,0,0,1,0,1,0,7,-10.0,2026-10-01,RS,PRS,ZAL,11.816666666666666,0,0,0.5923836389280677
2026,24,1,014010,0,1.0,PRS,13,"DOKOSSI, ALLAN",21:44,8,4,4,0,0,0,0,5,3,8,1,1,1,1,0,1,0,17,2.0,2026-10-01,RS,PRS,ZAL,21.73333333333333,0,0,0.7822085889570554
2026,24,1,012403,1,0.0,PRS,15,"FAYE, MOUHAMED",08:03,0,0,0,0,0,0,0,0,2,2,0,0,1,0,0,3,0,-2,3.0,2026-10-01,RS,PRS,ZAL,8.05,0,0,-0.24844720496894407
2026,24,1,010431,0,1.0,PRS,20,"MORGAN, JEREMY",09:31,3,0,0,1,3,0,0,1,0,1,1,0,1,0,0,4,0,-2,-5.0,2026-10-01,RS,PRS,ZAL,9.516666666666667,1,3,-0.21015761821366022
2026,24,1,015160,0,0.0,PRS,24,"JOHNSON, ALIZE",16:48,6,2,2,0,0,2,2,1,4,5,1,0,0,0,0,4,3,11,-12.0,2026-10-01,RS,PRS,ZAL,16.8,0,0,0.6547619047619048
2026,24,1,011949,0,0.0,PRS,34,"HOMMES, DAULTON",16:39,6,0,2,2,5,0,0,1,3,4,1,0,0,0,0,2,1,5,-4.0,2026-10-01,RS,PRS,ZAL,16.65,2,5,0.3003003003003003
2026,24,0,012720,0,1.0,ZAL,0,"BROWN, STERLING",22:13,13,3,4,2,3,1,1,2,2,4,4,2,1,0,0,4,1,17,5.0,2026-10-01,RS,PRS,ZAL,22.216666666666665,2,3,0.7651912978244562
2026,24,0,011987,1,1.0,ZAL,3,"EDWARDS, CARSEN",26:12,19,4,12,3,10,2,2,1,1,2,2,0,1,0,1,1,3,8,-4.0,2026-10-01,RS,PRS,ZAL,26.2,3,10,0.3053435114503817
2026,24,0,007513,1,0.0,ZAL,9,"GIEDRAITIS, DOVYDAS",13:41,0,0,3,0,0,0,0,1,1,2,1,0,0,0,0,2,1,-1,-9.0,2026-10-01,RS,PRS,ZAL,13.683333333333334,0,0,-0.0730816077953715
2026,24,0,008192,0,1.0,ZAL,10,"TUBELIS, AZUOLAS",24:05,18,7,9,0,0,4,6,2,5,7,2,1,0,0,1,2,4,25,0.0,2026-10-01,RS,PRS,ZAL,24.08333333333333,0,0,1.0380622837370244
2026,24,0,007032,0,0.0,ZAL,12,"LO, MAODO",20:57,2,1,5,0,3,0,0,0,0,0,4,1,0,0,2,1,3,0,5.0,2026-10-01,RS,PRS,ZAL,20.95,0,3,0.0
2026,24,0,011927,1,0.0,ZAL,14,"SLEVA, DUSTIN",14:46,1,0,2,0,2,1,2,2,2,4,0,0,0,0,0,3,2,-1,-7.0,2026-10-01,RS,PRS,ZAL,14.766666666666667,0,2,-0.06772009029345372
2026,24,0,000898,1,0.0,ZAL,17,"VALANCIUNAS, JONAS",20:38,12,3,4,0,0,6,9,2,4,6,0,0,4,3,0,3,6,16,-3.0,2026-10-01,RS,PRS,ZAL,20.633333333333333,0,0,0.7754442649434572
2026,24,0,008186,0,0.0,ZAL,22,"BLAZEVIC, MAREK",00:47,0,0,0,0,0,0,0,0,0,0,0,0,0,0,0,0,0,0,-2.0,2026-10-01,RS,PRS,ZAL,0.7833333333333333,0,0,0.0
2026,24,0,002328,0,1.0,ZAL,40,"GRIGONIS, MARIUS",18:18,6,2,2,0,3,2,2,0,2,2,2,0,2,0,0,1,2,6,2.0,2026-10-01,RS,PRS,ZAL,18.3,0,3,0.32786885245901637
2026,24,0,002676,1,0.0,ZAL,51,"BUTKEVICIUS, ARNAS",18:39,2,1,1,0,0,0,0,1,4,5,0,0,1,0,0,1,0,5,-11.0,2026-10-01,RS,PRS,ZAL,18.65,0,0,0.2680965147453083
2026,24,0,007029,0,0.0,ZAL,91,"SIRVYDIS, DEIVIDAS",DNP,0,0,0,0,0,0,0,0,0,0,0,0,0,0,0,0,0,0,0.0,2026-10-01,RS,PRS,ZAL,,0,0,
2026,24,0,002329,0,1.0,ZAL,92,"ULANOVAS, EDGARAS",19:44,5,0,1,0,1,5,6,2,2,4,2,1,0,0,0,2,5,12,4.0,2026-10-01,RS,PRS,ZAL,19.73333333333333,0,1,0.6081081081081082
2026,23,1,014802,0,0.0,VIR,0,"BELLO, RASHEED",09:44,0,0,0,0,3,0,0,0,1,1,3,0,0,0,0,1,2,2,0.0,2026-10-01,RS,VIR,OLY,9.733333333333333,0,3,0.20547945205479454
2026,23,1,015029,0,1.0,VIR,1,"FRAZIER, TRENT",19:54,9,0,1,2,5,3,3,0,1,1,3,0,2,0,0,3,2,6,-5.0,2026-10-01,RS,VIR,OLY,19.9,2,5,0.30150753768844224
2026,23,1,012707,1,1.0,VIR,2,"CARR, MARCUS",24:27,22,2,3,5,8,3,4,1,2,3,10,0,1,0,0,2,3,30,11.0,2026-10-01,RS,VIR,OLY,24.45,5,8,1.2269938650306749
2026,23,1,014737,1,1.0,VIR,8,"MOORE, WENDELL",22:37,12,3,7,2,5,0,0,3,1,4,2,2,1,0,0,2,1,11,0.0,2026-10-01,RS,VIR,OLY,22.616666666666667,2,5,0.4863669859985261
2026,23,1,014416,1,1.0,VIR,9,"EDWARDS, KESSLER",26:32,6,2,5,0,5,2,2,4,2,6,1,1,1,0,1,0,3,7,9.0,2026-10-01,RS,VIR,OLY,26.53333333333333,0,5,0.26381909547738697
2026,23,1,006707,0,0.0,VIR,11,"BALDASSO, TOMMASO",04:54,0,0,0,0,3,0,0,0,1,1,0,0,1,0,0,0,0,-3,-2.0,2026-10-01,RS,VIR,OLY,4.9,0,3,-0.6122448979591836
2026,23,1,014005,1,1.0,VIR,21,"ALSTON JR., DERRICK",25:37,17,4,5,2,8,3,4,0,0,0,3,1,2,0,1,1,3,12,21.0,2026-10-01,RS,VIR,OLY,25.616666666666667,2,8,0.468445022771633
2026,23,1,001844,0,0.0,VIR,23,"HACKETT, DANIEL",13:24,2,0,0,0,1,2,2,2,0,2,1,1,0,0,0,3,1,3,-18.0,2026-10-01,RS,VIR,OLY,13.4,0,1,0.22388059701492538
2026,23,1,014219,0,0.0,VIR,24,"FERRARI, FRANCESCO",00:35,0,0,0,0,0,0,0,0,0,0,0,0,0,0,0,0,0,0,0.0,2026-10-01,RS,VIR,OLY,0.5833333333333334,0,0,0.0
2026,23,1,014108,1,0.0,VIR,31,"DIARRA, ALIOU",25:09,18,8,11,0,0,2,4,6,8,14,0,1,0,1,0,3,4,30,1.0,2026-10-01,RS,VIR,OLY,25.15,0,0,1.1928429423459246
2026,23,1,014738,0,0.0,VIR,34,"KLINTMAN, BO",14:50,4,2,2,0,2,0,0,0,3,3,1,0,0,0,0,2,0,4,-10.0,2026-10-01,RS,VIR,OLY,14.833333333333334,0,2,0.2696629213483146
2026,23,1,013374,0,0.0,VIR,35,"DIOUF, MOUHAMET",12:17,6,3,3,0,0,0,1,1,2,3,0,0,1,0,0,1,1,7,3.0,2026-10-01,RS,VIR,OLY,12.283333333333331,0,0,0.5698778833107192
2026,23,0,009048,1,1.0,OLY,0,"MILLER-MCINTYRE, CODI",24:19,0,0,1,0,1,0,0,1,1,2,8,0,2,0,0,2,2,6,-7.0,2026-10-01,RS,VIR,OLY,24.316666666666663,0,1,0.24674434544208365
2026,23,0,012610,1,0.0,OLY,3,"WARD, TYSON",12:52,1,0,2,0,0,1,2,0,1,1,0,0,0,1,0,2,1,-1,1.0,2026-10-01,RS,VIR,OLY,12.866666666666667,0,0,-0.07772020725388601
2026,23,0,010042,0,1.0,OLY,8,"MONTERO, JEAN",18:35,8,3,5,0,5,2,2,0,2,2,4,0,0,0,0,0,1,8,-2.0,2026-10-01,RS,VIR,OLY,18.58333333333333,0,5,0.43049327354260103
2026,23,0,003469,1,0.0,OLY,14,"VEZENKOV, SASHA",26:37,20,6,9,2,5,2,2,2,4,6,0,1,0,0,0,0,2,23,-12.0,2026-10-01,RS,VIR,OLY,26.616666666666667,2,5,0.8641202254226675
2026,23,0,001255,0,0.0,OLY,16,"PAPANIKOLAOU, KOSTAS",09:57,0,0,0,0,0,0,0,0,0,0,0,0,0,0,0,1,1,0,-3.0,2026-10-01,RS,VIR,OLY,9.95,0,0,0.0
2026,23,0,009849,1,0.0,OLY,22,"DORSEY, TYLER",27:06,22,1,3,6,9,2,3,0,1,1,2,0,2,0,0,2,4,19,1.0,2026-10-01,RS,VIR,OLY,27.1,6,9,0.7011070110701106
2026,23,0,012731,0,1.0,OLY,24,"NDIAYE, MBAYE",20:00,23,10,11,0,0,3,3,4,3,7,0,1,1,1,0,3,2,29,7.0,2026-10-01,RS,VIR,OLY,20.0,0,0,1.45
2026,23,0,014316,0,0.0,OLY,34,"JOSEPH, CORY",07:11,4,2,2,0,1,0,0,0,0,0,0,0,1,0,0,0,0,2,-3.0,2026-10-01,RS,VIR,OLY,7.183333333333334,0,1,0.27842227378190254
2026,23,0,003048,0,1.0,OLY,42,"DUNSTON, BRYANT",18:29,6,3,4,0,0,0,0,1,1,2,3,0,0,0,1,3,1,7,11.0,2026-10-01,RS,VIR,OLY,18.48333333333333,0,0,0.37871956717763755
2026,23,0,011196,1,0.0,OLY,45,"HALL, DONTA",11:32,2,1,2,0,0,0,0,1,1,2,0,0,0,0,0,0,0,3,-6.0,2026-10-01,RS,VIR,OLY,11.533333333333331,0,0,0.2601156069364162
2026,23,0,011981,0,0.0,OLY,88,"JONES, TYRIQUE",03:22,2,1,1,0,0,0,0,0,0,0,0,0,2,0,0,4,0,-4,-4.0,2026-10-01,RS,VIR,OLY,3.3666666666666667,0,0,-1.188118811881188
2026,23,0,013380,0,1.0,OLY,94,"FOURNIER, EVAN",20:00,6,1,3,1,6,1,1,1,6,7,2,1,2,0,0,3,3,7,7.0,2026-10-01,RS,VIR,OLY,20.0,1,6,0.35
2026,22,1,015152,0,0.0,HTA,1,"GERMAN, EUGENE",DNP,0,0,0,0,0,0,0,0,0,0,0,0,0,0,0,0,0,0,0.0,2026-10-01,RS,HTA,MAD,,0,0,
2026,22,1,013402,0,0.0,HTA,2,"BLAKENEY, ANTONIO",24:03,12,4,5,0,4,4,6,0,0,0,0,1,0,0,0,1,4,9,10.0,2026-10-01,RS,HTA,MAD,24.05,0,4,0.3742203742203742
2026,22,1,009846,1,1.0,HTA,3,"BRYANT, ELIJAH",31:33,22,6,9,1,6,7,9,1,12,13,7,1,1,0,0,1,9,40,-3.0,2026-10-01,RS,HTA,MAD,31.55,1,6,1.2678288431061806
2026,22,1,008912,0,0.0,HTA,5,"CARRINGTON, KHADEEN",05:41,0,0,0,0,0,0,0,0,1,1,1,0,0,0,0,0,1,3,4.0,2026-10-01,RS,HTA,MAD,5.683333333333334,0,0,0.5278592375366569
2026,22,1,004846,0,0.0,HTA,10,"TIMOR, BAR",DNP,0,0,0,0,0,0,0,0,0,0,0,0,0,0,0,0,0,0,0.0,2026-10-01,RS,HTA,MAD,,0,0,
2026,22,1,013284,0,1.0,HTA,12,"WAINRIGHT, ISH",23:22,0,0,0,0,0,0,0,0,1,1,0,1,0,0,0,3,0,-1,7.0,2026-10-01,RS,HTA,MAD,23.366666666666667,0,0,-0.042796005706134094
2026,22,1,002939,1,1.0,HTA,13,"SATORANSKY, TOMAS",26:01,9,1,3,2,3,1,2,1,2,3,5,0,2,0,1,2,1,9,1.0,2026-10-01,RS,HTA,MAD,26.016666666666666,2,3,0.3459320948110186
2026,22,1,008987,1,0.0,HTA,16,"LEDAY, ZACH",16:14,15,3,6,2,2,3,3,1,2,3,0,0,0,0,0,2,3,16,-5.0,2026-10-01,RS,HTA,MAD,16.233333333333334,2,2,0.9856262833675564
2026,22,1,011823,0,1.0,HTA,21,"ODIASE, TAI",10:03,0,0,0,0,0,0,0,1,0,1,0,0,1,0,0,2,0,-2,-1.0,2026-10-01,RS,HTA,MAD,10.05,0,0,-0.1990049751243781
2026,22,1,002580,1,1.0,HTA,22,"MICIC, VASILIJE",33:14,22,6,8,2,8,4,5,0,0,0,3,0,3,0,1,3,7,16,2.0,2026-10-01,RS,HTA,MAD,33.233333333333334,2,8,0.48144433299899697
2026,22,1,012788,0,0.0,HTA,25,"OTURU, DAN",16:44,7,3,6,0,0,1,1,1,3,4,0,0,2,1,0,4,1,4,11.0,2026-10-01,RS,HTA,MAD,16.733333333333334,0,0,0.2390438247011952
2026,22,1,012096,1,0.0,HTA,51,"CABOCLO, BRUNO",13:05,15,0,1,5,5,0,0,0,0,0,0,1,0,0,0,5,1,11,-6.0,2026-10-01,RS,HTA,MAD,13.083333333333334,5,5,0.840764331210191
2026,22,0,015244,0,0.0,MAD,1,"SMITH JR, NICK",20:28,12,3,6,2,3,0,0,0,2,2,1,0,2,0,0,4,0,5,6.0,2026-10-01,RS,HTA,MAD,20.466666666666665,2,3,0.244299674267101
2026,22,0,012080,1,0.0,MAD,3,"LUWAWU-CABARROT, TIMOTHE",27:08,21,2,6,5,10,2,2,1,1,2,2,2,2,0,0,5,1,12,11.0,2026-10-01,RS,HTA,MAD,27.133333333333333,5,10,0.44226044226044225
2026,22,0,010393,0,0.0,MAD,4,"PRADILLA, JAIME",02:35,0,0,0,0,1,0,0,0,0,0,0,0,0,0,0,1,0,-2,-8.0,2026-10-01,RS,HTA,MAD,2.583333333333333,0,1,-0.7741935483870969
2026,22,0,003733,0,1.0,MAD,6,"ABALDE, ALBERTO",07:49,2,1,1,0,0,0,0,0,1,1,0,0,0,0,0,1,0,2,2.0,2026-10-01,RS,HTA,MAD,7.816666666666666,0,0,0.255863539445629
2026,22,0,005928,1,1.0,MAD,7,"CAMPAZZO, FACUNDO",18:14,3,0,2,1,4,0,0,1,1,2,7,0,1,0,0,3,5,8,-11.0,2026-10-01,RS,HTA,MAD,18.23333333333333,1,4,0.4387568555758684
2026,22,0,014006,0,0.0,MAD,8,"OKEKE, CHUMA",13:57,8,2,4,1,4,1,2,1,1,2,1,0,0,0,1,0,1,5,-4.0,2026-10-01,RS,HTA,MAD,13.95,1,4,0.35842293906810035
2026,22,0,007027,1,1.0,MAD,12,"MALEDON, THEO",25:39,26,8,11,1,1,7,7,2,3,5,7,0,1,1,0,1,6,40,9.0,2026-10-01,RS,HTA,MAD,25.65,1,1,1.5594541910331385
2026,22,0,009005,0,0.0,MAD,14,"DECK, GABRIEL",12:55,1,0,0,0,1,1,2,0,0,0,0,0,1,0,0,3,1,-4,-15.0,2026-10-01,RS,HTA,MAD,12.916666666666666,0,1,-0.3096774193548387
2026,22,0,012613,1,1.0,MAD,20,"JANTUNEN, MIKAEL",22:50,7,1,1,1,3,2,3,2,2,4,2,0,0,0,0,3,3,10,5.0,2026-10-01,RS,HTA,MAD,22.83333333333333,1,3,0.4379562043795621
2026,22,0,005791,1,0.0,MAD,22,"TAVARES, WALTER",27:29,14,4,4,0,0,6,7,3,10,13,0,0,3,1,0,3,6,27,4.0,2026-10-01,RS,HTA,MAD,27.48333333333333,0,0,0.9824135839902972
2026,22,0,011247,0,1.0,MAD,24,"FELIZ, ANDRES",12:32,2,1,2,0,3,0,0,0,1,1,2,0,2,0,0,3,0,-4,-9.0,2026-10-01,RS,HTA,MAD,12.533333333333331,0,3,-0.31914893617021284
2026,22,0,015103,0,0.0,MAD,30,"JONES, DAMIAN",08:24,2,1,1,0,0,0,0,1,0,1,0,0,0,0,0,1,0,2,-10.0,2026-10-01,RS,HTA,MAD,8.4,0,0,0.23809523809523808
2026,26,1,013269,1,0.0,ASV,0,"CALE, MYLES",15:05,5,1,1,1,3,0,0,0,2,2,1,0,2,0,0,2,1,3,-10.0,2026-10-02,RS,ASV,PAM,15.083333333333334,1,3,0.19889502762430938
2026,26,1,015161,0,0.0,ASV,1,"FODZO DADA, MARC-OWEN",12:14,5,1,2,1,2,0,0,2,0,2,1,0,1,1,0,3,0,3,3.0,2026-10-02,RS,ASV,PAM,12.233333333333333,1,2,0.2452316076294278
2026,26,1,015163,0,1.0,ASV,8,"MILLS, PATTY",23:35,26,5,9,4,7,4,6,0,0,0,3,0,0,0,0,1,6,25,0.0,2026-10-02,RS,ASV,PAM,23.58333333333333,4,7,1.060070671378092
2026,26,1,012618,0,0.0,ASV,10,"MASSA, BODIAN",04:19,0,0,0,0,0,0,0,0,0,0,1,0,0,0,0,1,0,0,-2.0,2026-10-02,RS,ASV,PAM,4.316666666666666,0,0,0.0
2026,26,1,013900,1,0.0,ASV,14,"GACH, BOTH",19:02,0,0,0,0,1,0,0,0,0,0,1,0,0,1,0,1,0,0,-9.0,2026-10-02,RS,ASV,PAM,19.03333333333333,0,1,0.0
2026,26,1,009035,1,0.0,ASV,21,"BOLOMBOY, JOEL",16:02,6,3,4,0,0,0,0,0,6,6,0,0,2,1,1,3,0,6,-9.0,2026-10-02,RS,ASV,PAM,16.033333333333335,0,0,0.3742203742203742
2026,26,1,003526,0,0.0,ASV,23,"LIGHTY, DAVID",03:30,0,0,0,0,0,0,0,0,2,2,1,0,0,0,0,0,0,3,-2.0,2026-10-02,RS,ASV,PAM,3.5,0,0,0.8571428571428571
2026,26,1,015164,0,1.0,ASV,25,"BESSON, HUGO",22:07,19,3,6,3,4,4,4,2,0,2,6,0,1,0,0,3,4,23,-2.0,2026-10-02,RS,ASV,PAM,22.116666666666667,3,4,1.039939713639789
2026,26,1,006832,0,1.0,ASV,35,"PONS, YVES",07:41,3,0,0,1,1,0,0,0,0,0,0,0,0,1,0,4,0,0,-9.0,2026-10-02,RS,ASV,PAM,7.683333333333334,1,1,0.0
2026,26,1,015165,1,1.0,ASV,51,"WATERS, TREMONT",24:27,9,0,4,3,8,0,0,1,2,3,5,2,1,1,2,2,1,7,-19.0,2026-10-02,RS,ASV,PAM,24.45,3,8,0.28629856850715746
2026,26,1,011980,0,0.0,ASV,77,"SESTINA, NATHAN",19:38,9,4,5,0,3,1,3,1,3,4,0,0,1,1,0,5,3,5,-2.0,2026-10-02,RS,ASV,PAM,19.633333333333333,0,3,0.2546689303904924
2026,26,1,015166,1,1.0,ASV,99,"CROWDER, JAE",32:20,10,4,15,0,2,2,4,3,4,7,4,1,2,0,0,2,5,8,-4.0,2026-10-02,RS,ASV,PAM,32.333333333333336,0,2,0.24742268041237112
2026,26,0,012608,1,1.0,PAM,0,"SHORTS, TJ",21:38,17,6,8,0,1,5,8,0,4,4,6,0,2,1,1,2,5,22,25.0,2026-10-02,RS,ASV,PAM,21.633333333333333,0,1,1.0169491525423728
2026,26,0,011217,1,1.0,PAM,1,"TAYLOR, KAMERON",24:57,14,3,6,2,3,2,3,1,4,5,2,0,1,0,1,2,3,15,26.0,2026-10-02,RS,ASV,PAM,24.95,2,3,0.6012024048096193
2026,26,0,006643,0,0.0,PAM,2,"PUERTO, JOSEP",15:03,9,0,1,3,4,0,0,1,1,2,0,1,3,0,1,2,0,4,-13.0,2026-10-02,RS,ASV,PAM,15.05,3,4,0.26578073089700993
2026,26,0,012738,1,0.0,PAM,3,"REUVERS, NATHAN",17:41,13,4,7,1,1,2,2,3,2,5,0,0,1,1,0,4,2,13,8.0,2026-10-02,RS,ASV,PAM,17.683333333333334,1,1,0.7351555136663525
2026,26,0,011706,1,0.0,PAM,5,"SAINT-SUPERY, MARIO",14:00,0,0,1,0,3,0,0,1,1,2,3,0,1,0,1,1,1,-1,0.0,2026-10-02,RS,ASV,PAM,14.0,0,3,-0.07142857142857142
2026,26,0,010581,0,1.0,PAM,8,"OSETKOWSKI, DYLAN",18:03,9,0,2,2,6,3,4,1,3,4,1,1,1,0,0,2,3,8,-1.0,2026-10-02,RS,ASV,PAM,18.05,2,6,0.44321329639889195
2026,26,0,014115,0,0.0,PAM,10,"MOORE, OMARI",18:22,7,3,6,0,0,1,1,0,1,1,5,0,1,1,1,1,2,10,-12.0,2026-10-02,RS,ASV,PAM,18.366666666666667,0,0,0.5444646098003629
2026,26,0,013384,0,1.0,PAM,12,"BROOKS, ARMONI",21:22,5,0,0,1,4,2,2,0,6,6,1,1,1,0,0,3,2,8,23.0,2026-10-02,RS,ASV,PAM,21.366666666666667,1,4,0.374414976599064
2026,26,0,010545,0,0.0,PAM,13,"SAKO, NEAL",12:54,5,1,1,0,0,3,4,4,4,8,0,0,0,0,0,0,3,15,-5.0,2026-10-02,RS,ASV,PAM,12.9,0,0,1.1627906976744187
2026,26,0,014740,0,0.0,PAM,20,"CORBALAN, GONZALO",04:38,0,0,0,0,0,0,0,0,0,0,1,0,1,0,0,0,1,1,-10.0,2026-10-02,RS,ASV,PAM,4.633333333333333,0,0,0.21582733812949642
2026,26,0,000796,1,1.0,PAM,33,"MIROTIC, NIKOLA",17:43,22,2,2,4,7,6,7,0,2,2,1,1,0,0,0,2,4,24,14.0,2026-10-02,RS,ASV,PAM,17.716666666666665,4,7,1.354656632173095
2026,26,0,011214,0,0.0,PAM,41,"RIVERO, JASIEL",13:39,4,2,3,0,0,0,2,0,2,2,1,1,1,0,1,1,1,3,10.0,2026-10-02,RS,ASV,PAM,13.65,0,0,0.21978021978021978
2026,28,1,014134,0,0.0,MUN,0,"NORRIS, MILES",12:40,4,1,1,0,2,2,3,1,0,1,2,0,0,1,0,1,1,5,-9.0,2026-10-02,RS,MUN,PAR,12.666666666666666,0,2,0.39473684210526316
2026,28,1,013370,0,1.0,MUN,4,"WASHINGTON, DUANE",22:57,20,3,5,4,7,2,3,0,2,2,4,1,2,0,0,2,3,20,5.0,2026-10-02,RS,MUN,PAR,22.95,4,7,0.8714596949891068
2026,28,1,001557,0,0.0,MUN,5,"GIFFEY, NIELS",DNP,0,0,0,0,0,0,0,0,0,0,0,0,0,0,0,0,0,0,0.0,2026-10-02,RS,MUN,PAR,,0,0,
2026,28,1,007201,0,0.0,MUN,7,"VOIGTMANN, JOHANNES",16:09,2,1,2,0,1,0,0,0,4,4,1,1,1,0,0,2,0,3,-2.0,2026-10-02,RS,MUN,PAR,16.15,0,1,0.18575851393188855
2026,28,1,010726,0,0.0,MUN,8,"JENSEN, TOBIAS",13:41,3,0,1,1,1,0,0,0,2,2,3,0,4,0,0,1,0,2,10.0,2026-10-02,RS,MUN,PAR,13.683333333333334,1,1,0.146163215590743
2026,28,1,013290,0,0.0,MUN,10,"JESSUP, JUSTINIAN",19:38,7,2,3,1,4,0,0,0,4,4,1,1,1,0,0,3,1,6,-10.0,2026-10-02,RS,MUN,PAR,19.633333333333333,1,4,0.30560271646859083
2026,28,1,001288,1,1.0,MUN,11,"LUCIC, VLADIMIR",20:15,9,2,3,0,1,5,5,2,1,3,0,0,0,0,0,1,3,12,4.0,2026-10-02,RS,MUN,PAR,20.25,0,1,0.5925925925925926
2026,28,1,004508,1,1.0,MUN,13,"OBST, ANDREAS",23:42,8,1,1,2,5,0,0,0,0,0,2,2,3,0,0,2,0,4,-12.0,2026-10-02,RS,MUN,PAR,23.7,2,5,0.16877637130801687
2026,28,1,007519,0,0.0,MUN,31,"JOKUBAITIS, ROKAS",07:46,5,0,0,1,1,2,2,0,0,0,0,0,1,0,0,2,1,3,-9.0,2026-10-02,RS,MUN,PAR,7.766666666666667,1,1,0.38626609442060084
2026,28,1,003958,1,1.0,MUN,32,"THIEMANN, JOHANNES",27:20,17,3,5,1,2,8,8,1,4,5,2,1,0,0,2,0,5,25,7.0,2026-10-02,RS,MUN,PAR,27.333333333333332,1,2,0.9146341463414634
2026,28,1,012597,1,0.0,MUN,44,"BALDWIN, KAMAR",15:00,5,1,2,0,4,3,3,1,2,3,1,0,1,0,0,2,5,6,5.0,2026-10-02,RS,MUN,PAR,15.0,0,4,0.4
2026,28,1,013278,1,1.0,MUN,50,"WILEY, AUSTIN",20:52,4,1,2,0,0,2,4,1,9,10,0,0,4,2,0,4,3,8,1.0,2026-10-02,RS,MUN,PAR,20.866666666666667,0,0,0.38338658146964855
2026,28,0,011924,0,0.0,PAR,0,"ALLMAN, KYLE",21:57,5,0,4,1,2,2,2,0,4,4,4,0,3,0,0,3,4,6,2.0,2026-10-02,RS,MUN,PAR,21.95,1,2,0.2733485193621868
2026,28,0,013369,1,1.0,PAR,1,"JONES, CARLIK",25:01,16,7,12,0,2,2,3,0,2,2,5,0,1,0,1,2,2,13,0.0,2026-10-02,RS,MUN,PAR,25.016666666666666,0,2,0.519653564290473
2026,28,0,007947,0,1.0,PAR,3,"VILDOZA, LUCA",21:12,8,1,2,2,3,0,0,0,3,3,4,3,1,0,0,1,2,16,7.0,2026-10-02,RS,MUN,PAR,21.2,2,3,0.7547169811320755
2026,28,0,014742,1,0.0,PAR,5,"THOMPSON, ETHAN",12:08,3,0,2,1,1,0,0,0,1,1,1,0,0,0,0,4,0,-1,-4.0,2026-10-02,RS,MUN,PAR,12.133333333333333,1,1,-0.08241758241758242
2026,28,0,007632,0,0.0,PAR,7,"NAKIC, MARIO",09:32,5,1,1,1,2,0,0,0,1,1,0,1,0,0,0,0,0,6,3.0,2026-10-02,RS,MUN,PAR,9.533333333333333,1,2,0.6293706293706294
2026,28,0,005637,1,0.0,PAR,10,"TANASKOVIC, NIKOLA",12:31,6,3,3,0,2,0,0,1,1,2,1,0,0,0,0,2,2,7,-3.0,2026-10-02,RS,MUN,PAR,12.516666666666667,0,2,0.559254327563249
2026,28,0,010390,1,1.0,PAR,13,"HAYES, KEVARRIUS",17:25,7,2,2,0,0,3,4,0,2,2,0,2,2,2,0,4,2,8,-3.0,2026-10-02,RS,MUN,PAR,17.416666666666668,0,0,0.4593301435406698
2026,28,0,007736,0,1.0,PAR,19,"LAKIC, ARIJAN",18:52,6,0,0,2,9,0,0,0,4,4,2,1,0,0,0,1,1,6,-1.0,2026-10-02,RS,MUN,PAR,18.866666666666667,2,9,0.31802120141342755
2026,28,0,009733,0,0.0,PAR,23,"JEKIRI, TONYE",17:01,17,7,10,0,0,3,3,3,2,5,1,1,0,0,1,3,4,21,8.0,2026-10-02,RS,MUN,PAR,17.016666666666666,0,0,1.2340842311459355
2026,28,0,006739,1,1.0,PAR,66,"PAJOLA, ALESSANDRO",28:06,4,0,1,1,4,1,2,1,2,3,7,4,1,0,0,2,3,13,1.0,2026-10-02,RS,MUN,PAR,28.1,1,4,0.4626334519572953
2026,28,0,004194,0,0.0,PAR,77,"LAUVERGNE, JOFFREY",05:34,4,2,4,0,0,0,0,1,0,1,0,1,0,0,1,0,0,3,-3.0,2026-10-02,RS,MUN,PAR,5.566666666666666,0,0,0.5389221556886228
2026,28,0,005793,0,0.0,PAR,95,"SY, BANDJA",10:41,5,1,1,1,2,0,0,0,1,1,0,0,0,0,0,0,0,5,3.0,2026-10-02,RS,MUN,PAR,10.683333333333334,1,2,0.46801872074882994
