Season,role,Team,Player_ID,Player,positionName,gp,min_avg,pts_avg,reb_avg,fgm3_avg,fga3_avg,fg3_pct,pir_avg,pir_per_min_avg
2026,focal,PAR,013369,"JONES, CARLIK",Guard,2.0,25.066666666666666,20.0,2.5,2.0,4.0,50%,29.5,1.1768617021276595
2026,rival_same_pos,MUN,004508,"OBST, ANDREAS",Guard,2.0,24.716666666666665,13.5,1.0,2.5,4.5,55.6%,12.0,0.4855023600809171
2026,rival_same_pos,MUN,007519,"JOKUBAITIS, ROKAS",Guard,2.0,18.833333333333332,9.0,1.0,0.5,2.0,25%,10.5,0.5575221238938054
2026,rival_same_pos,MUN,013290,"JESSUP, JUSTINIAN",Guard,2.0,13.533333333333333,7.5,1.0,1.0,3.0,33.3%,5.0,0.3694581280788177
2026,rival_same_pos,MUN,009513,"HOLLATZ, JUSTUS",Guard,2.0,10.7,2.0,1.0,0.0,1.0,0%,-0.5,-0.04672897196261683
2026,rival_same_pos,MUN,013541,"VOSSENBERG, CASPAR",Guard,,,,,,,,,
2026,rival_same_pos,MUN,012838,"SUSIC, ANDRIJA",Guard,,,,,,,,,
2026,rival_same_pos,MUN,012158,"JERKIC, NIKO",Guard,,,,,,,,,
2026,rival_same_pos,MUN,010726,"JENSEN, TOBIAS",Guard,,,,,,,,,
2026,rival_same_pos,MUN,013370,"WASHINGTON, DUANE",Guard,,,,,,,,,
2026,rival_same_pos,MUN,012597,"BALDWIN, KAMAR",Guard,,,,,,,,,
2025,focal,PAR,013369,"JONES, CARLIK",Guard,,,,,,,,,
2025,rival_same_pos,MUN,004508,"OBST, ANDREAS",Guard,35.0,26.586666666666666,14.5,2.1,2.9,7.6,37.8%,12.0,0.4513540621865597
2025,rival_same_pos,MUN,013290,"JESSUP, JUSTINIAN",Guard,37.0,19.322522522522522,8.2,2.4,1.4,3.7,38%,7.9,0.40884930995897056
2025,rival_same_pos,MUN,009513,"HOLLATZ, JUSTUS",Guard,26.0,16.669871794871796,3.0,2.2,0.5,1.2,45.2%,4.7,0.28194577965775813
2025,rival_same_pos,MUN,013378,"RATHAN-MAYES, XAVIER",Guard,32.0,15.2265625,7.3,1.7,1.0,4.0,25.6%,4.8,0.3152385838891739
2025,rival_same_pos,MUN,013541,"VOSSENBERG, CASPAR",Guard,,,,,,,,,
2025,rival_same_pos,MUN,014330,"KODJOE, NICOLAS",Guard,,,,,,,,,
2025,rival_same_pos,MUN,012840,"SERMPEZIS, NIKOLAS",Guard,,,,,,,,,
2025,rival_same_pos,MUN,006085,"DIMITRIJEVIC, NENO",Guard,,,,,,,,,
2025,rival_same_pos,MUN,014162,"DINWIDDIE, SPENCER",Guard,,,,,,,,,
2025,rival_same_pos,MUN,004863,"JOVIC, STEFAN",Guard,,,,,,,,,
2025,rival_same_pos,MUN,012597,"BALDWIN, KAMAR",Guard,,,,,,,,,
