Player_ID,Player,Team,gp,min_avg,pts_avg,reb_avg,fgm3_avg,fga3_avg,fg3_pct,pir_avg,pir_per_min,min_L5,pts_L5,reb_L5,fgm3_L5,fga3_L5,pir_L5,ppm_L5,min_L3,pts_L3,reb_L3,fgm3_L3,fga3_L3,pir_L3,ppm_L3
012608,"SHORTS, TJ",PAM,2,21.208333333333336,19.0,0.5,1.0,1.5,66.66666666666667,20.0,0.943025540275049,21.208333333333336,19.0,0.5,1.0,1.5,20.0,0.943025540275049,21.208333333333336,19.0,0.5,1.0,1.5,20.0,0.943025540275049
011217,"TAYLOR, KAMERON",PAM,2,20.849999999999998,9.0,5.5,0.5,0.5,100.0,15.0,0.7194244604316548,20.849999999999998,9.0,5.5,0.5,0.5,15.0,0.7194244604316548,20.849999999999998,9.0,5.5,0.5,0.5,15.0,0.7194244604316548
013384,"BROOKS, ARMONI",PAM,2,20.808333333333334,13.5,3.0,3.0,6.5,46.15384615384615,12.5,0.6007208650380457,20.808333333333334,13.5,3.0,3.0,6.5,12.5,0.6007208650380457,20.808333333333334,13.5,3.0,3.0,6.5,12.5,0.6007208650380457
010581,"OSETKOWSKI, DYLAN",PAM,2,18.583333333333336,6.5,6.0,1.0,2.0,50.0,11.0,0.5919282511210762,18.583333333333336,6.5,6.0,1.0,2.0,11.0,0.5919282511210762,18.583333333333336,6.5,6.0,1.0,2.0,11.0,0.5919282511210762
011706,"SAINT-SUPERY, MARIO",PAM,2,16.441666666666666,5.0,1.5,1.0,2.5,40.0,4.0,0.24328433857070453,16.441666666666666,5.0,1.5,1.0,2.5,4.0,0.24328433857070453,16.441666666666666,5.0,1.5,1.0,2.5,4.0,0.24328433857070453
014115,"MOORE, OMARI",PAM,2,16.333333333333332,6.0,4.0,0.0,0.5,0.0,7.5,0.45918367346938777,16.333333333333332,6.0,4.0,0.0,0.5,7.5,0.45918367346938777,16.333333333333332,6.0,4.0,0.0,0.5,7.5,0.45918367346938777
012738,"REUVERS, NATHAN",PAM,2,16.016666666666666,6.0,2.5,0.5,1.5,33.333333333333336,5.0,0.3121748178980229,16.016666666666666,6.0,2.5,0.5,1.5,5.0,0.3121748178980229,16.016666666666666,6.0,2.5,0.5,1.5,5.0,0.3121748178980229
011214,"RIVERO, JASIEL",PAM,2,15.683333333333332,10.0,3.0,1.0,1.0,100.0,10.0,0.6376195536663125,15.683333333333332,10.0,3.0,1.0,1.0,10.0,0.6376195536663125,15.683333333333332,10.0,3.0,1.0,1.0,10.0,0.6376195536663125
000796,"MIROTIC, NIKOLA",PAM,2,14.95,13.0,3.5,1.5,4.0,37.5,17.0,1.1371237458193981,14.95,13.0,3.5,1.5,4.0,17.0,1.1371237458193981,14.95,13.0,3.5,1.5,4.0,17.0,1.1371237458193981
010545,"SAKO, NEAL",PAM,2,14.299999999999999,7.0,3.5,0.0,0.0,,8.5,0.5944055944055945,14.299999999999999,7.0,3.5,0.0,0.0,8.5,0.5944055944055945,14.299999999999999,7.0,3.5,0.0,0.0,8.5,0.5944055944055945
006643,"PUERTO, JOSEP",PAM,2,14.158333333333333,6.5,1.5,1.5,2.5,60.0,7.0,0.49440847557386697,14.158333333333333,6.5,1.5,1.5,2.5,7.0,0.49440847557386697,14.158333333333333,6.5,1.5,1.5,2.5,7.0,0.49440847557386697
014740,"CORBALAN, GONZALO",PAM,1,11.683333333333334,4.0,1.0,0.0,2.0,0.0,0.0,0.0,11.683333333333334,4.0,1.0,0.0,2.0,0.0,0.0,11.683333333333334,4.0,1.0,0.0,2.0,0.0,0.0
014741,"CARDENAS, ALVARO",PAM,1,9.65,0.0,0.0,0.0,1.0,0.0,1.0,0.10362694300518134,9.65,0.0,0.0,0.0,1.0,1.0,0.10362694300518134,9.65,0.0,0.0,0.0,1.0,1.0,0.10362694300518134
